order_name;status;contragent;dogovor;manager;order_number;order_date;scheme_date;logistic_date;create_date;payment_amount;payment_current;product_name;qty
3928 - доплата КНС, 9-11 нед., доставка, ст. Динская «Белые росы» ;Оформление;АС ИНЖИНИРИНГ ООО;Договор №296/23;Салогуб Денис;ПКНФ-000030;14.02.2024;;14.02.2024;14.02.2024;1000000;1000000;Доплата за канализационную насосную станцию в корпусе, произведенном из армированного стеклопластика;1
поплавки;Оформление;ИНЖМОНТАЖСЕРВИС ООО;Договор поставки №356/24;Сидоренко Александр;ПКНФ-000034;19.02.2024;;19.02.2024;19.02.2024;38000;38000;Поплавковый выключатель RL-1 10м;10
3379 - аванс за емкость ;Оформление;ПМК ООО (ПРОММОНТАЖКОМПЛЕКТ);№ 13H/ПМК-П от 21.02.2024 (руб.);Салогуб Денис;ПКНФ-000040;21.02.2024;;21.02.2024;21.02.2024;777000;777000;Аванс в размере 70% за оборудование по договору поставки № 013Н/ПМК-П от 21.02.2024;1
4368 - КНС, 4-6 недель, доставка;Оформление;ВИОЯР ООО;Договор поставки 361/24;Сидоренко Александр;ПКНФ-000046;04.03.2024;;11.03.2024;04.03.2024;989000;692300;Канализационная насосная станция в корпусе из стеклопластика КСС-КНС-1600-3000, на базе насосов KQ 5;1
4390 - доплата КК, ЖК «Флора», 3-5 нед, доставка Сочи;Оформление;РАФСТРОЙ ООО СЗ;Договор №1705/1;Сидоренко Александр;ПКНФ-000068;01.04.2024;;15.04.2024;01.04.2024;90000;90000;Доплата за колодец канализационный стеклопластиковый КСС-КР, D=1600 мм, Н=5000 мм, для глубины залож;1
Площадка обслуживания;Оформление;Ю-ТЕК ООО;Договор №73/20 от 06.05.2020;Сидоренко Александр;ПКНФ-000073;01.04.2024;;01.05.2024;01.04.2024;10000;10000;Площадка обслуживания нерж.ст  ПК;1
2878 - ЛОС и бетонная КНС. 10-12 срок на все. Доставка и монтаж. ЖК Парк Победы;Оформление;ПАРК ПОБЕДЫ ООО СПЕЦИАЛИЗИРОВАННЫЙ ЗАСТРОЙЩИК;Договор №149/21;Сидоренко Александр;ПКНФ-000091;06.09.2024;;30.10.2024;06.09.2024;945000;665000;Доплата за оборудование по дополнительному соглашению №3 к договору поставки 149/21 от 15 июля 2021г;1
4154.3.2 ЖУВ доплата 60%;Оформление;РАТУША ООО;Договор №344/24;Сидоренко Александр;ПКНФ-000105;08.10.2024;;08.10.2024;08.10.2024;74934.09;74934.09;Доплата 60% за жироуловитель вертикальный КСС-ЖУВ-10, производительность 10 л/с, D=1800 мм, H=3500 м;1
4726 - ПНС, ВНС, ЕН 3 шт Сочи, Адлерский район, с. Высокое 13 раб. недель;к отгрузке;ИНСТРОЙКОМ ООО;Договор поставки №07-05;Салогуб Денис;ПКНФ-000110;23.05.2024;;23.05.2024;23.05.2024;11017000;11017000;Насосная станция пожаротушения в корпусе, произведенном из армированного стеклопластика методом маши;1
4726 - ПНС, ВНС, ЕН 3 шт Сочи, Адлерский район, с. Высокое 13 раб. недель;к отгрузке;ИНСТРОЙКОМ ООО;Договор поставки №07-05;Салогуб Денис;ПКНФ-000110;23.05.2024;;23.05.2024;23.05.2024;11017000;11017000;Насосная станция повышения давления в корпусе, произведенном из армированного стеклопластика методом;1
4726 - ПНС, ВНС, ЕН 3 шт Сочи, Адлерский район, с. Высокое 13 раб. недель;к отгрузке;ИНСТРОЙКОМ ООО;Договор поставки №07-05;Салогуб Денис;ПКНФ-000110;23.05.2024;;23.05.2024;23.05.2024;11017000;11017000;Емкость накопительная пожарная, произведенная из армированного стеклопластика методом машинной намот;2
4726 - ПНС, ВНС, ЕН 3 шт Сочи, Адлерский район, с. Высокое 13 раб. недель;к отгрузке;ИНСТРОЙКОМ ООО;Договор поставки №07-05;Салогуб Денис;ПКНФ-000110;23.05.2024;;23.05.2024;23.05.2024;11017000;11017000;Емкость накопительная питьевая Полиэтилен/Металл КСС-ЕН-50, D=3000 мм, L=7500 мм, объем 50 м3;1
3155 - доплата КНС, 6-8 недель, Щербиновская районная больница, доставка;Оформление;ПО ГИРАКС ООО;Договор №302/23;Сидоренко Александр;ПКНФ-000115;31.07.2024;;30.08.2024;31.07.2024;164500;164500;Доплата за канализационную насосную станцию в корпусе, произведенном из армированного стеклопластика;1
4376 - КНС 3шт., АСТРА, Усреднитель корпус 10-14 рабочих недель, насосы 10-14 рабочих недель, доставка;Отгружен ч;АГРОСТРОЙПОДРЯД ООО;Договор №406/24;Цопанов Заур Валерьевич;ПКНФ-000134;23.09.2024;;23.09.2024;23.09.2024;8996330;8524650;Канализационная насосная станция в корпусе, КСС-КНС-1 1500-4600, на базе насосов CNP    65WQ25-18-3W;1
4376 - КНС 3шт., АСТРА, Усреднитель корпус 10-14 рабочих недель, насосы 10-14 рабочих недель, доставка;Отгружен ч;АГРОСТРОЙПОДРЯД ООО;Договор №406/24;Цопанов Заур Валерьевич;ПКНФ-000134;23.09.2024;;23.09.2024;23.09.2024;8996330;8524650;Канализационная насосная станция в корпусе, КСС-КНС-2 1200-2550, на базе насосов CNP   40WQ12-15-1.5;2
4376 - КНС 3шт., АСТРА, Усреднитель корпус 10-14 рабочих недель, насосы 10-14 рабочих недель, доставка;Отгружен ч;АГРОСТРОЙПОДРЯД ООО;Договор №406/24;Цопанов Заур Валерьевич;ПКНФ-000134;23.09.2024;;23.09.2024;23.09.2024;8996330;8524650;Установка очистки бытовых сточных вод серии ""Астра-Триумф-300-Миди"" изделие;1
4376 - КНС 3шт., АСТРА, Усреднитель корпус 10-14 рабочих недель, насосы 10-14 рабочих недель, доставка;Отгружен ч;АГРОСТРОЙПОДРЯД ООО;Договор №406/24;Цопанов Заур Валерьевич;ПКНФ-000134;23.09.2024;;23.09.2024;23.09.2024;8996330;8524650;Усреднитель «UNI–STOK – 17/2,1/0,35/1» – 0,35 м подача после отдельно стоящей КНС;2
3101 - КНС 2шт., ЖУ - 6-8 рабочих недель (насосное оборудование 10-12 рабочих недель), доставка;Оформление;АГРОСНАБ-ЮГ ООО;Договор №187/22;Сидоренко Александр;ПКНФ-000148;14.06.2024;;09.08.2024;14.06.2024;1673000;501900;Канализационная насосная станция в корпусе, КСС-КНС-1600-5000, на базе насосов CNP 50WQ10-7-0.55(I) ;1
3101 - КНС 2шт., ЖУ - 6-8 рабочих недель (насосное оборудование 10-12 рабочих недель), доставка;Оформление;АГРОСНАБ-ЮГ ООО;Договор №187/22;Сидоренко Александр;ПКНФ-000148;14.06.2024;;09.08.2024;14.06.2024;1673000;501900;Жироуловитель КСС-ЖУВ-4,5 в корпусе, произведенном из армированного стеклопластика, производительнос;1
3101 - КНС 2шт., ЖУ - 6-8 рабочих недель (насосное оборудование 10-12 рабочих недель), доставка;Оформление;АГРОСНАБ-ЮГ ООО;Договор №187/22;Сидоренко Александр;ПКНФ-000148;14.06.2024;;09.08.2024;14.06.2024;1673000;501900;Канализационная насосная станция в корпусе, КСС-КНС-1600-4950, на базе насосов CNP 50WQ10-7-0.55(I) ;1
4803 - ЕНП, 7 нед, доставка, пнр и шм ( Байкал);Отгружен ч;ЯНТАРЬ ООО;Договор №416/24;Менеджер;ПКНФ-00158 ;28.06.2024;;28.06.2024;28.06.2024;5340000;5340000;Емкость накопительная питьевая, произведенная из армированного стеклопластика методом машинной намот;2
4983.1 - БТП услуга (КСС)  - СЗ «Гарантия»   Аванс в размере 70% к Договору субподряда № 11.06.24-Ш от «11» июня 2024 г.;В работе;ГАРАНТИЯ ООО СПЕЦИАЛИЗИРОВАННЫЙ ЗАСТРОЙЩИК;Договор 11.06.24-Ш;Сидоренко Александр;ПКНФ-00169;25.06.2024;;25.06.2024;25.06.2024;7745556;7745556;Аванс в размере 70% по Договору субподряда № 11.06.24-Ш от «11» июня 2024 г.;1
 4983.2 - БТП услуга (КСС)  - СЗ «Гарантия»   Детский сад Договор 25.06.2024-ДОУ от 25.06.2024 (САДИК 1 на 575 мест);Отгружен ч;ГАРАНТИЯ ООО СПЕЦИАЛИЗИРОВАННЫЙ ЗАСТРОЙЩИК;Договором субподряда № 25.06.2024-ДОУ;Сидоренко Александр;ПКНФ-00173 ;27.06.2024;;27.06.2024;27.06.2024;4033855;4033855;Аванс в размере 70% по Договору субподряда № 25.06.2024-ДОУ от 25.06.2024;1
4803.2 - ЕН 2 шт. 8 нед.;к отгрузке;ЯНТАРЬ ООО;Договор №416/24;Гончаров Роман Васильевич;ПКНФ-00223 ;02.08.2024;;02.08.2024;02.08.2024;4310000;4310000;Емкость накопительная КСС-ЕН-100, D=3400 мм, L=12800 мм, объем 100 м3, для глубины заложения подводя;2
4803.2 - ЕН 2 шт. 8 нед.;к отгрузке;ЯНТАРЬ ООО;Договор №416/24;Гончаров Роман Васильевич;ПКНФ-00223 ;02.08.2024;;02.08.2024;02.08.2024;4310000;4310000;Пуско-наладочные работы, шеф монтаж;1
4519 - доплата ВНС, ЕН, корпус 8-10нед, насосы 13-15 нед, самовывоз;Оформление;ВИОЯР ООО;Договор поставки 361/24;Сидоренко Александр;ПКНФ-00230 ;24.07.2024;;24.07.2024;24.07.2024;420795;420795;Доплата  за оборудование  по дополнительному соглашению №2 к договору поставки №361/24 от «29» февра;1
4856 - ЕН 2 шт, ВНС., 10-12 нед, доставка, шеф.монтаж и пусконаладка;Отгружен ч;СПЕЦИАЛИЗИРОВАННЫЙ ЗАСТРОЙЩИК КУРОРТНЫЙ ООО;Договор №454/24;Собиев Олег;ПКНФ-00257;15.08.2024;;15.08.2024;15.08.2024;6018350;6018350;Емкость накопительная, произведенная из армированного стеклопластика методом машинной намотки КСС-ЕН;2
4856 - ЕН 2 шт, ВНС., 10-12 нед, доставка, шеф.монтаж и пусконаладка;Отгружен ч;СПЕЦИАЛИЗИРОВАННЫЙ ЗАСТРОЙЩИК КУРОРТНЫЙ ООО;Договор №454/24;Собиев Олег;ПКНФ-00257;15.08.2024;;15.08.2024;15.08.2024;6018350;6018350;Установка повышения давления на базе насосов CDM 65-1+СХ+ГА8;1
4870 - доплата КНС, ЕН 3 шт. 10-14 рабочих недель, доставка Анапа;Оформление;АНАПАСТРОЙГАРАНТ ООО;Договор поставки №422/24;Людвик Мирзоян;ПКНФ-00294;23.09.2024;;23.09.2024;23.09.2024;1770000;1770000;Доплата за оборудование по договору поставки № 422/24 от «27» июня 2024г ;1
3697 - доплата  КНС - 6 шт, срок 6-8 раб.нед. насоное обор. 11-13. Доставка включена Рязанская область;Оформление;СТРОЙСЕРВИС-ЦЕНТР ООО;Договор №292/23;Сидоренко Александр;ПКНФ-00309;01.10.2024;;31.12.2024;01.10.2024;596000;596000;Доплата по доп. соглашению №1 к договору поставки №292/23 от 26.06.2023;1
5423.2 - ЕН, 4-6 нед.  ШМ и ПНР. Доставка.;Отгружен ч;ЯНТАРЬ ООО;Договор №416/24;Гончаров Роман Васильевич;ПКНФ-00312;02.10.2024;;02.10.2024;02.10.2024;2151100;2150900;Емкость накопительная КСС-ЕН-2-100, D=3200 мм, L=12400 мм, объем 100 м3;1
5423.2 - ЕН, 4-6 нед.  ШМ и ПНР. Доставка.;Отгружен ч;ЯНТАРЬ ООО;Договор №416/24;Гончаров Роман Васильевич;ПКНФ-00312;02.10.2024;;02.10.2024;02.10.2024;2151100;2150900;Пуско-наладочные работы, шеф монтаж;1
3714 - переделка;к отгрузке;КСС РОСТОВ ООО;Основной договор 1/18;Лесниченко Артем Евгеньевич;ПКНФ-00328 ;18.10.2024;;18.10.2024;18.10.2024;567000;567000;Комплект трубопроводов и запорно-регулирующей арматуры;1
3519 Доплата КНС с работами, корпус - 6-8 раб.нед. насосное обор. 11-13. Доставка вкл. ( НЕ ОТГРУЖЕН МОНТАЖ);Оформление;ДОГМА-ПАРК 21 ООО СПЕЦИАЛИЗИРОВАННЫЙ  ЗАСТРОЙЩИК;Договор №276/23;Сидоренко Александр;ПКНФ-00329 ;21.10.2024;;31.12.2024;21.10.2024;116250;116250;Доплата по доп. соглашению №1 к договору поставки № 276/23 от «22» мая 2023г.;1
5171 - ЕНП,ВНС,ПНС, Блок-контейнер, ;к отгрузке;ГИДРОСИСТЕМА ООО;Договор поставки №520/24;Сидоренко Александр;ПКНФ-00343;19.11.2024;;19.11.2024;19.11.2024;19248000;13110000;Насосная станция пожаротушения  на базе насосов 3CNP  NIS200-150-400G/75 (75кВт) +АВР+ЖН CDM3-10;1
5171 - ЕНП,ВНС,ПНС, Блок-контейнер, ;к отгрузке;ГИДРОСИСТЕМА ООО;Договор поставки №520/24;Сидоренко Александр;ПКНФ-00343;19.11.2024;;19.11.2024;19.11.2024;19248000;13110000;Резервуар  подземный для питьевой воды , усиленный ребрами Полиэтилен/Металл  КСС-ЕНП-75, D=3200 мм,;2
5171 - ЕНП,ВНС,ПНС, Блок-контейнер, ;к отгрузке;ГИДРОСИСТЕМА ООО;Договор поставки №520/24;Сидоренко Александр;ПКНФ-00343;19.11.2024;;19.11.2024;19.11.2024;19248000;13110000;Насосная станция повышения давления в корпусе КСС-BНС-4200-2500 ;1
5171 - ЕНП,ВНС,ПНС, Блок-контейнер, ;к отгрузке;ГИДРОСИСТЕМА ООО;Договор поставки №520/24;Сидоренко Александр;ПКНФ-00343;19.11.2024;;19.11.2024;19.11.2024;19248000;13110000;Электролизная установки ЭльСоль ""ЭУ-К1Н11.25"";1
для ксс блок А;Отгружен ч;ИНТЭК ООО;Договор 501/24;Сидоренко Александр;ПКНФ-00350 ;15.11.2024;;15.11.2024;15.11.2024;888342.99;888342.99;Тройник с уменьшенным боковым и торцевым проходами 20-16-16 PX (10) ;29
для ксс блок А;Отгружен ч;ИНТЭК ООО;Договор 501/24;Сидоренко Александр;ПКНФ-00350 ;15.11.2024;;15.11.2024;15.11.2024;888342.99;888342.99;Монтажная гильза 16 PX (100) ;338
для ксс блок А;Отгружен ч;ИНТЭК ООО;Договор 501/24;Сидоренко Александр;ПКНФ-00350 ;15.11.2024;;15.11.2024;15.11.2024;888342.99;888342.99;Тройник равнопроходный 16-16-16 PLATINUM RX;40
для ксс блок А;Отгружен ч;ИНТЭК ООО;Договор 501/24;Сидоренко Александр;ПКНФ-00350 ;15.11.2024;;15.11.2024;15.11.2024;888342.99;888342.99;TR-N Клапан терморегулирующий Ду15 Прямой;1
для ксс блок А;Отгружен ч;ИНТЭК ООО;Договор 501/24;Сидоренко Александр;ПКНФ-00350 ;15.11.2024;;15.11.2024;15.11.2024;888342.99;888342.99;LV Клапан запорный Ду15, прямой СКЛАД;1
для ксс блок А;Отгружен ч;ИНТЭК ООО;Договор 501/24;Сидоренко Александр;ПКНФ-00350 ;15.11.2024;;15.11.2024;15.11.2024;888342.99;888342.99;APT-R клапан-регулятор перепада давлений DN 15, Kvs 1,9 СКЛАД;11
для ксс блок А;Отгружен ч;ИНТЭК ООО;Договор 501/24;Сидоренко Александр;ПКНФ-00350 ;15.11.2024;;15.11.2024;15.11.2024;888342.99;888342.99;APT-R клапан-регулятор перепада давлений DN 25, Kvs 5,3 СКЛАД;1
для ксс блок А;Отгружен ч;ИНТЭК ООО;Договор 501/24;Сидоренко Александр;ПКНФ-00350 ;15.11.2024;;15.11.2024;15.11.2024;888342.99;888342.99;BVR-R Кран шаровой РИДАН ГОСТ Р 59553 PN40 DN15 с внутренней резьбой Т от -20С ...+120С материал к;42
для ксс блок А;Отгружен ч;ИНТЭК ООО;Договор 501/24;Сидоренко Александр;ПКНФ-00350 ;15.11.2024;;15.11.2024;15.11.2024;888342.99;888342.99;BVR-R Кран шаровой РИДАН ГОСТ Р 59553 PN40 DN20 с внутренней резьбой Т от -20С ...+120С материал к;14
для ксс блок А;Отгружен ч;ИНТЭК ООО;Договор 501/24;Сидоренко Александр;ПКНФ-00350 ;15.11.2024;;15.11.2024;15.11.2024;888342.99;888342.99;BVR-R Кран шаровой РИДАН ГОСТ Р 59553 PN40 DN25 с внутренней резьбой Т от -20С ...+120С материал к;10
для ксс блок А;Отгружен ч;ИНТЭК ООО;Договор 501/24;Сидоренко Александр;ПКНФ-00350 ;15.11.2024;;15.11.2024;15.11.2024;888342.99;888342.99;BVR-R Кран шаровой РИДАН ГОСТ Р 59553 PN40 DN32 с внутренней резьбой Т от -20С ...+120С материал к;6
для ксс блок А;Отгружен ч;ИНТЭК ООО;Договор 501/24;Сидоренко Александр;ПКНФ-00350 ;15.11.2024;;15.11.2024;15.11.2024;888342.99;888342.99;MVT-R DN15LF Ручной балансировочный клапан с дренажем Kvs 2,54 СКЛАД;10
для ксс блок А;Отгружен ч;ИНТЭК ООО;Договор 501/24;Сидоренко Александр;ПКНФ-00350 ;15.11.2024;;15.11.2024;15.11.2024;888342.99;888342.99;MVT-R DN15 Ручной балансировочный клапан с дренажем Kvs 4,81;2
для ксс блок А;Отгружен ч;ИНТЭК ООО;Договор 501/24;Сидоренко Александр;ПКНФ-00350 ;15.11.2024;;15.11.2024;15.11.2024;888342.99;888342.99;MVT-R DN20 Ручной балансировочный клапан с дренажем Kvs 5,19;1
для ксс блок А;Отгружен ч;ИНТЭК ООО;Договор 501/24;Сидоренко Александр;ПКНФ-00350 ;15.11.2024;;15.11.2024;15.11.2024;888342.99;888342.99;Тройник с уменьшенным торцевым проходом 25-25-16 PX (10) ;3
для ксс блок А;Отгружен ч;ИНТЭК ООО;Договор 501/24;Сидоренко Александр;ПКНФ-00350 ;15.11.2024;;15.11.2024;15.11.2024;888342.99;888342.99;Airvent-R Воздухоотводчик PN10 DN15 Т от 0…+110С материал корпуса латунь CW617N;11
для ксс блок А;Отгружен ч;ИНТЭК ООО;Договор 501/24;Сидоренко Александр;ПКНФ-00350 ;15.11.2024;;15.11.2024;15.11.2024;888342.99;888342.99;Американка прямая 1/2"" Vtr.341;74
для ксс блок А;Отгружен ч;ИНТЭК ООО;Договор 501/24;Сидоренко Александр;ПКНФ-00350 ;15.11.2024;;15.11.2024;15.11.2024;888342.99;888342.99;Американка прямая 1 1/4"" Vtr.341;12
для ксс блок А;Отгружен ч;ИНТЭК ООО;Договор 501/24;Сидоренко Александр;ПКНФ-00350 ;15.11.2024;;15.11.2024;15.11.2024;888342.99;888342.99;Отоп.труба РЕХАУ BLACK 16х2,2 мм, бухта 200 м (2600)  (ст. арт. 11331691200);1200
для ксс блок А;Отгружен ч;ИНТЭК ООО;Договор 501/24;Сидоренко Александр;ПКНФ-00350 ;15.11.2024;;15.11.2024;15.11.2024;888342.99;888342.99;Отоп.труба РЕХАУ BLACK 20х2,8 мм, бухта 180 м (1440)  (ст. арт. 11331791180);720
для ксс блок А;Отгружен ч;ИНТЭК ООО;Договор 501/24;Сидоренко Александр;ПКНФ-00350 ;15.11.2024;;15.11.2024;15.11.2024;888342.99;888342.99;Отоп.труба РЕХАУ BLACK 25х3,5 мм, бухта 100 м (800)  (ст. арт. 11331891100);400
для ксс блок А;Отгружен ч;ИНТЭК ООО;Договор 501/24;Сидоренко Александр;ПКНФ-00350 ;15.11.2024;;15.11.2024;15.11.2024;888342.99;888342.99;Монтажная гильза 20 PX (100) ;250
для ксс блок А;Отгружен ч;ИНТЭК ООО;Договор 501/24;Сидоренко Александр;ПКНФ-00350 ;15.11.2024;;15.11.2024;15.11.2024;888342.99;888342.99;Тройник с уменьшенным боковым проходом 20-16-20 PX (10) ;94
для ксс блок А;Отгружен ч;ИНТЭК ООО;Договор 501/24;Сидоренко Александр;ПКНФ-00350 ;15.11.2024;;15.11.2024;15.11.2024;888342.99;888342.99;Переходник с наружной резьбой 16-R 1/2 RX+ (10)  (ст. арт. 13660491001);32
для ксс блок А;Отгружен ч;ИНТЭК ООО;Договор 501/24;Сидоренко Александр;ПКНФ-00350 ;15.11.2024;;15.11.2024;15.11.2024;888342.99;888342.99;Переходник с наружной резьбой 20-R 1/2 RX+ (10)  (ст. арт. 13660521001);20
для ксс блок А;Отгружен ч;ИНТЭК ООО;Договор 501/24;Сидоренко Александр;ПКНФ-00350 ;15.11.2024;;15.11.2024;15.11.2024;888342.99;888342.99;Переходник с наружной резьбой 25-R 3/4 RX+ (10)  (ст. арт. 13660571001);10
для ксс блок А;Отгружен ч;ИНТЭК ООО;Договор 501/24;Сидоренко Александр;ПКНФ-00350 ;15.11.2024;;15.11.2024;15.11.2024;888342.99;888342.99;Тройник с уменьшенным боковым проходом 25-16-25 PLATINUM RX;18
для ксс блок А;Отгружен ч;ИНТЭК ООО;Договор 501/24;Сидоренко Александр;ПКНФ-00350 ;15.11.2024;;15.11.2024;15.11.2024;888342.99;888342.99;Монтажная гильза 25 PX (100) ;65
для ксс блок А;Отгружен ч;ИНТЭК ООО;Договор 501/24;Сидоренко Александр;ПКНФ-00350 ;15.11.2024;;15.11.2024;15.11.2024;888342.99;888342.99;Тройник с уменьшенным боковым и торцевым проходами 25-16-20 PX (10) ;13
Блок Б для КСС //// 803 565,31;Отгружен ч;ИНТЭК ООО;Договор 501/24;Сидоренко Александр;ПКНФ-00351 ;15.11.2024;;15.11.2024;15.11.2024;673215.17;673215.17;Тройник с уменьшенным боковым и торцевым проходами 25-16-20 PX (10) ;15
Блок Б для КСС //// 803 565,31;Отгружен ч;ИНТЭК ООО;Договор 501/24;Сидоренко Александр;ПКНФ-00351 ;15.11.2024;;15.11.2024;15.11.2024;673215.17;673215.17;Отоп.труба РЕХАУ BLACK 16х2,2 мм, бухта 200 м (2600)  (ст. арт. 11331691200);800
Блок Б для КСС //// 803 565,31;Отгружен ч;ИНТЭК ООО;Договор 501/24;Сидоренко Александр;ПКНФ-00351 ;15.11.2024;;15.11.2024;15.11.2024;673215.17;673215.17;Монтажная гильза 16 PX (100) ;341
Блок Б для КСС //// 803 565,31;Отгружен ч;ИНТЭК ООО;Договор 501/24;Сидоренко Александр;ПКНФ-00351 ;15.11.2024;;15.11.2024;15.11.2024;673215.17;673215.17;Монтажная гильза 20 PX (100) ;84
Блок Б для КСС //// 803 565,31;Отгружен ч;ИНТЭК ООО;Договор 501/24;Сидоренко Александр;ПКНФ-00351 ;15.11.2024;;15.11.2024;15.11.2024;673215.17;673215.17;Монтажная гильза 25 PX (100) ;100
Блок Б для КСС //// 803 565,31;Отгружен ч;ИНТЭК ООО;Договор 501/24;Сидоренко Александр;ПКНФ-00351 ;15.11.2024;;15.11.2024;15.11.2024;673215.17;673215.17;Тройник с уменьшенным боковым и торцевым проходами 20-16-16 PX (10) ;23
Блок Б для КСС //// 803 565,31;Отгружен ч;ИНТЭК ООО;Договор 501/24;Сидоренко Александр;ПКНФ-00351 ;15.11.2024;;15.11.2024;15.11.2024;673215.17;673215.17;Отоп.труба РЕХАУ BLACK 20х2,8 мм, бухта 180 м (1440)  (ст. арт. 11331791180);540
Блок Б для КСС //// 803 565,31;Отгружен ч;ИНТЭК ООО;Договор 501/24;Сидоренко Александр;ПКНФ-00351 ;15.11.2024;;15.11.2024;15.11.2024;673215.17;673215.17;Отоп.труба РЕХАУ BLACK 25х3,5 мм, бухта 100 м (800)  (ст. арт. 11331891100);700
Блок Б для КСС //// 803 565,31;Отгружен ч;ИНТЭК ООО;Договор 501/24;Сидоренко Александр;ПКНФ-00351 ;15.11.2024;;15.11.2024;15.11.2024;673215.17;673215.17;Унив.труба РЕХАУ FLEX 32x4,4, бухта 50м (ст. арт. 113040010;200
Блок Б для КСС //// 803 565,31;Отгружен ч;ИНТЭК ООО;Договор 501/24;Сидоренко Александр;ПКНФ-00351 ;15.11.2024;;15.11.2024;15.11.2024;673215.17;673215.17;Монтажная гильза 32 PX (50) ;36
Блок Б для КСС //// 803 565,31;Отгружен ч;ИНТЭК ООО;Договор 501/24;Сидоренко Александр;ПКНФ-00351 ;15.11.2024;;15.11.2024;15.11.2024;673215.17;673215.17;Двойной крюк с дюбелем для 2-х труб (100) ;824
Блок Б для КСС //// 803 565,31;Отгружен ч;ИНТЭК ООО;Договор 501/24;Сидоренко Александр;ПКНФ-00351 ;15.11.2024;;15.11.2024;15.11.2024;673215.17;673215.17;Тройник с уменьшенным боковым проходом 25-16-25 PX (10) ;38
Блок Б для КСС //// 803 565,31;Отгружен ч;ИНТЭК ООО;Договор 501/24;Сидоренко Александр;ПКНФ-00351 ;15.11.2024;;15.11.2024;15.11.2024;673215.17;673215.17;Тройник с уменьшенным боковым проходом 20-16-20 PX (10) ;23
Блок Б для КСС //// 803 565,31;Отгружен ч;ИНТЭК ООО;Договор 501/24;Сидоренко Александр;ПКНФ-00351 ;15.11.2024;;15.11.2024;15.11.2024;673215.17;673215.17;Тройник равнопроходный 16-16-16 PX (10) ;66
Блок Б для КСС //// 803 565,31;Отгружен ч;ИНТЭК ООО;Договор 501/24;Сидоренко Александр;ПКНФ-00351 ;15.11.2024;;15.11.2024;15.11.2024;673215.17;673215.17;Переходник с наружной резьбой 25-R 3/4 RX+ (10)  (ст. арт. 13660571001);8
Блок Б для КСС //// 803 565,31;Отгружен ч;ИНТЭК ООО;Договор 501/24;Сидоренко Александр;ПКНФ-00351 ;15.11.2024;;15.11.2024;15.11.2024;673215.17;673215.17;Переходник с наружной резьбой 20-R 1/2 MX (10) ;18
Блок Б для КСС //// 803 565,31;Отгружен ч;ИНТЭК ООО;Договор 501/24;Сидоренко Александр;ПКНФ-00351 ;15.11.2024;;15.11.2024;15.11.2024;673215.17;673215.17;Переходник с наружной резьбой 32-R 1 MX (10) ;8
Блок Б для КСС //// 803 565,31;Отгружен ч;ИНТЭК ООО;Договор 501/24;Сидоренко Александр;ПКНФ-00351 ;15.11.2024;;15.11.2024;15.11.2024;673215.17;673215.17;Муфта соединительная переходная 25-16 PX (10) ;3
Блок Б для КСС //// 803 565,31;Отгружен ч;ИНТЭК ООО;Договор 501/24;Сидоренко Александр;ПКНФ-00351 ;15.11.2024;;15.11.2024;15.11.2024;673215.17;673215.17;Тройник с уменьшенным боковым проходом 32-16-32 PX (3) ;12
Блок Б для КСС //// 803 565,31;Отгружен ч;ИНТЭК ООО;Договор 501/24;Сидоренко Александр;ПКНФ-00351 ;15.11.2024;;15.11.2024;15.11.2024;673215.17;673215.17;Тройник с уменьшенным боковым проходом 32-16-32 PX (3) ;6
Блок Б для КСС //// 803 565,31;Отгружен ч;ИНТЭК ООО;Договор 501/24;Сидоренко Александр;ПКНФ-00351 ;15.11.2024;;15.11.2024;15.11.2024;673215.17;673215.17;Муфта соединительная переходная 32-25 PLATINUM RX;6
5415 - ЕН и ВНС и ПНС, 9- 13 раб недель, Договор 552/24 ;Отгружен ч;МАРС-Р ЗАО;Договор поставки №522/24;Собиев Олег;ПКНФ-00389;13.12.2024;09.01.2025;13.12.2024;13.12.2024;24883300;22349970;Емкость накопительная питьевая, КСС-ЕНП-1 43,5, D=3000 мм, L=6100 мм, объем 43,5 м3,;3
5415 - ЕН и ВНС и ПНС, 9- 13 раб недель, Договор 552/24 ;Отгружен ч;МАРС-Р ЗАО;Договор поставки №522/24;Собиев Олег;ПКНФ-00389;13.12.2024;09.01.2025;13.12.2024;13.12.2024;24883300;22349970;Емкость накопительная из стеклопластика КСС-ЕН-2 20, D=2000 мм, L=6600 мм, объем 20 м3;1
5415 - ЕН и ВНС и ПНС, 9- 13 раб недель, Договор 552/24 ;Отгружен ч;МАРС-Р ЗАО;Договор поставки №522/24;Собиев Олег;ПКНФ-00389;13.12.2024;09.01.2025;13.12.2024;13.12.2024;24883300;22349970;Насосная станция повышения давления в корпусе базе установки повышения давления КСС-МЧ-2 CDM5-4+СХ+Г;1
5415 - ЕН и ВНС и ПНС, 9- 13 раб недель, Договор 552/24 ;Отгружен ч;МАРС-Р ЗАО;Договор поставки №522/24;Собиев Олег;ПКНФ-00389;13.12.2024;09.01.2025;13.12.2024;13.12.2024;24883300;22349970;Насосная станция пожаротушения в корпусе установки пожаротушения КСС-П-2 CDM20-2+АВР+2ЭЗ;1
5415 - ЕН и ВНС и ПНС, 9- 13 раб недель, Договор 552/24 ;Отгружен ч;МАРС-Р ЗАО;Договор поставки №522/24;Собиев Олег;ПКНФ-00389;13.12.2024;09.01.2025;13.12.2024;13.12.2024;24883300;22349970;Емкость накопительная питьевая  КСС-ЕНП-3 46,5, D=3000 мм, L=6600 мм;4
5415 - ЕН и ВНС и ПНС, 9- 13 раб недель, Договор 552/24 ;Отгружен ч;МАРС-Р ЗАО;Договор поставки №522/24;Собиев Олег;ПКНФ-00389;13.12.2024;09.01.2025;13.12.2024;13.12.2024;24883300;22349970;Емкость накопительная питьевая, КСС-ЕНП-4 45,5, D=3000 мм, L=6600 мм, объем 46,5 м3;4
5415 - ЕН и ВНС и ПНС, 9- 13 раб недель, Договор 552/24 ;Отгружен ч;МАРС-Р ЗАО;Договор поставки №522/24;Собиев Олег;ПКНФ-00389;13.12.2024;09.01.2025;13.12.2024;13.12.2024;24883300;22349970;Емкость накопительная, КСС-ЕН-5 50 D=3000 мм, L=7300 мм, объем 50 м3;1
5415 - ЕН и ВНС и ПНС, 9- 13 раб недель, Договор 552/24 ;Отгружен ч;МАРС-Р ЗАО;Договор поставки №522/24;Собиев Олег;ПКНФ-00389;13.12.2024;09.01.2025;13.12.2024;13.12.2024;24883300;22349970;Насосная станция повышения давления в корпусе на базе установки повышения давления КСС-МЧ-2 CDM65-2-;1
5901- На основании OFERTA Nº 24122001 от 20.12.2024 г.  17-19 нед. доставка,  монтаж, пнр.;к отгрузке;РОМЕКС-КУБАНЬ ООО;Договор №312/23;Сидоренко Александр;ПКНФ-00423 ;22.01.2025;;22.01.2025;22.01.2025;37500000;37500000;Канализационная насосная станция 50м3 напор 15м ( ксс);1
5901- На основании OFERTA Nº 24122001 от 20.12.2024 г.  17-19 нед. доставка,  монтаж, пнр.;к отгрузке;РОМЕКС-КУБАНЬ ООО;Договор №312/23;Сидоренко Александр;ПКНФ-00423 ;22.01.2025;;22.01.2025;22.01.2025;37500000;37500000;Усреднительный резервуар 75 ( емкость накопительная);1
5901- На основании OFERTA Nº 24122001 от 20.12.2024 г.  17-19 нед. доставка,  монтаж, пнр.;к отгрузке;РОМЕКС-КУБАНЬ ООО;Договор №312/23;Сидоренко Александр;ПКНФ-00423 ;22.01.2025;;22.01.2025;22.01.2025;37500000;37500000;Блок наземных технологических павильонов:;1
5901- На основании OFERTA Nº 24122001 от 20.12.2024 г.  17-19 нед. доставка,  монтаж, пнр.;к отгрузке;РОМЕКС-КУБАНЬ ООО;Договор №312/23;Сидоренко Александр;ПКНФ-00423 ;22.01.2025;;22.01.2025;22.01.2025;37500000;37500000;Блок подземных резервуаров биологической очистки Блок вертикальных пескоуловителей КНС подачи очищ;1
5125 - скорректировать сумму Аэротерминал, аванс, монтаж и оборудование (изделие списать перемещением, наряд отправить с первой отгрузкой);В работе;АЭРОТЕРМИНАЛ ООО;Договор субподряда №АТ-24-Д450;Сидоренко Александр;ПКНФ-00427 ;28.01.2025;;28.01.2025;28.01.2025;20087877;10043938.83;КСС-МЧ4-SMM100-65-200-30_2 +АВР+ЭЗ;1
5673 - КНС, 6-8 недель, доставка ( доставку включила в тоимость ШМ - 60 000);к отгрузке;СЗ ""Метрикс Небуг ООО;Договор поставки с шеф-монтажом № МН-К 17-02-25;Салогуб Денис;ПКНФ-00472 ;21.02.2025;11.03.2025;21.02.2025;21.02.2025;2100000;2100000;Канализационная насосная станция в корпусе из стеклопластика КСС-КНС-2000-5600;1
4386 - ПНС, 12-14 недель, Доставка товара включена в стоимость ;к отгрузке;АГРОСТРОЙПОДРЯД ООО;Договор №406/24;Собиев Олег;ПКНФ-00476 ;20.03.2025;;20.03.2025;20.03.2025;7553500;7103500;Насосная станция пожаротушения в корпусе КСС-ПНС-4200-3900 КСС-П-2 NIS200-150-400G/90+АВР+ЖНCDM3-13+;1
6055 - КНС, пуско-наладка, доставка включена. корпус 6-7 нед, насосы 9-11 нед. ;к отгрузке;КМКК ЗАО;Договор поставки №404;Салогуб Денис;ПКНФ-00531 ;17.04.2025;;17.04.2025;17.04.2025;8430000;8050000;Канализационная насосная станция из стеклопластика КСС-КНС-4200-6300, на базе насосов CNP 200WQ400-3;1
6574 - КР, ЛОС, УФ (5-8 нед), ХОЗ. БЫТ (10-11 нед),. Доставка, ПНР включены.;к отгрузке;РОМЕКС-КУБАНЬ ООО;Договор №312/23;Сидоренко Александр;ПКНФ-00594 ;21.05.2025;19.06.2025;07.07.2025;21.05.2025;12954000;12954000;Станция очистки хозяйственно- бытовых сточных вод, 10м3/сут;1
6574 - КР, ЛОС, УФ (5-8 нед), ХОЗ. БЫТ (10-11 нед),. Доставка, ПНР включены.;к отгрузке;РОМЕКС-КУБАНЬ ООО;Договор №312/23;Сидоренко Александр;ПКНФ-00594 ;21.05.2025;19.06.2025;07.07.2025;21.05.2025;12954000;12954000;Колодец распределительный стеклопластиковый КСС- КР, D=2000 мм, Н=2800 мм;1
6574 - КР, ЛОС, УФ (5-8 нед), ХОЗ. БЫТ (10-11 нед),. Доставка, ПНР включены.;к отгрузке;РОМЕКС-КУБАНЬ ООО;Договор №312/23;Сидоренко Александр;ПКНФ-00594 ;21.05.2025;19.06.2025;07.07.2025;21.05.2025;12954000;12954000;КСС-ЛОС-40, производительность 40 л/с, D=2400 мм, L=10000 мм, для глубины заложения трассы до 2500 м;1
5406 - КНС 8шт, насосы, КР 14шт., корпуса    насосной    станции:    12-18    рабочих    недель, Срок поставки насосного оборудования: 16-18 рабочих недель, Самовывоз;к отгрузке;БЛОРЭЙ;Договор поставки №14 ОР_0680-150523;Сидоренко Александр;ПКНФ-00635 ;11.06.2025;;11.06.2025;11.06.2025;159923000;159923000;Корпус колодца гашения напора стеклопластиковый  КСС-КГН  2,3     D=2500  мм, Н=2470 мм;1
5406 - КНС 8шт, насосы, КР 14шт., корпуса    насосной    станции:    12-18    рабочих    недель, Срок поставки насосного оборудования: 16-18 рабочих недель, Самовывоз;к отгрузке;БЛОРЭЙ;Договор поставки №14 ОР_0680-150523;Сидоренко Александр;ПКНФ-00635 ;11.06.2025;;11.06.2025;11.06.2025;159923000;159923000;Корпус канализационной насосной станции КСС-КНС-1      4000-9300      произведенны      из;1
5406 - КНС 8шт, насосы, КР 14шт., корпуса    насосной    станции:    12-18    рабочих    недель, Срок поставки насосного оборудования: 16-18 рабочих недель, Самовывоз;к отгрузке;БЛОРЭЙ;Договор поставки №14 ОР_0680-150523;Сидоренко Александр;ПКНФ-00635 ;11.06.2025;;11.06.2025;11.06.2025;159923000;159923000;Насос      канализационный      погружной:      KQ 250WQ650-12-30    длина    кабеля    –    15м,   ;3
5406 - КНС 8шт, насосы, КР 14шт., корпуса    насосной    станции:    12-18    рабочих    недель, Срок поставки насосного оборудования: 16-18 рабочих недель, Самовывоз;к отгрузке;БЛОРЭЙ;Договор поставки №14 ОР_0680-150523;Сидоренко Александр;ПКНФ-00635 ;11.06.2025;;11.06.2025;11.06.2025;159923000;159923000;Корпус    канализационной    насосной    станции КСС-КНС-2а     4000-8700     произведенный    из а;1
5406 - КНС 8шт, насосы, КР 14шт., корпуса    насосной    станции:    12-18    рабочих    недель, Срок поставки насосного оборудования: 16-18 рабочих недель, Самовывоз;к отгрузке;БЛОРЭЙ;Договор поставки №14 ОР_0680-150523;Сидоренко Александр;ПКНФ-00635 ;11.06.2025;;11.06.2025;11.06.2025;159923000;159923000;Насос      канализационный      погружной:      KQ 250WQ650-12-30    длина    кабеля    –    15м,   ;3
5406 - КНС 8шт, насосы, КР 14шт., корпуса    насосной    станции:    12-18    рабочих    недель, Срок поставки насосного оборудования: 16-18 рабочих недель, Самовывоз;к отгрузке;БЛОРЭЙ;Договор поставки №14 ОР_0680-150523;Сидоренко Александр;ПКНФ-00635 ;11.06.2025;;11.06.2025;11.06.2025;159923000;159923000;Корпус  канализационной  насосной  станции  КСС- КНС-2в         4000-8700         произведенный;1
5406 - КНС 8шт, насосы, КР 14шт., корпуса    насосной    станции:    12-18    рабочих    недель, Срок поставки насосного оборудования: 16-18 рабочих недель, Самовывоз;к отгрузке;БЛОРЭЙ;Договор поставки №14 ОР_0680-150523;Сидоренко Александр;ПКНФ-00635 ;11.06.2025;;11.06.2025;11.06.2025;159923000;159923000;Насос      канализационный      погружной:      KQ 250WQ650-12-30    длина    кабеля    –    15м,   ;3
5406 - КНС 8шт, насосы, КР 14шт., корпуса    насосной    станции:    12-18    рабочих    недель, Срок поставки насосного оборудования: 16-18 рабочих недель, Самовывоз;к отгрузке;БЛОРЭЙ;Договор поставки №14 ОР_0680-150523;Сидоренко Александр;ПКНФ-00635 ;11.06.2025;;11.06.2025;11.06.2025;159923000;159923000;Корпус  канализационной  насосной  станции  КСС- КНС-2.1        4000-9600        произведенноый;1
5406 - КНС 8шт, насосы, КР 14шт., корпуса    насосной    станции:    12-18    рабочих    недель, Срок поставки насосного оборудования: 16-18 рабочих недель, Самовывоз;к отгрузке;БЛОРЭЙ;Договор поставки №14 ОР_0680-150523;Сидоренко Александр;ПКНФ-00635 ;11.06.2025;;11.06.2025;11.06.2025;159923000;159923000;Насос       канализационный       погружной:       KQ 250WQ650-18-45 длина кабеля – 15м, в комплект;3
5406 - КНС 8шт, насосы, КР 14шт., корпуса    насосной    станции:    12-18    рабочих    недель, Срок поставки насосного оборудования: 16-18 рабочих недель, Самовывоз;к отгрузке;БЛОРЭЙ;Договор поставки №14 ОР_0680-150523;Сидоренко Александр;ПКНФ-00635 ;11.06.2025;;11.06.2025;11.06.2025;159923000;159923000;Корпус  канализационной  насосной  станции  КСС- КНС-2.2         4000-9600         произведенный;1
5406 - КНС 8шт, насосы, КР 14шт., корпуса    насосной    станции:    12-18    рабочих    недель, Срок поставки насосного оборудования: 16-18 рабочих недель, Самовывоз;к отгрузке;БЛОРЭЙ;Договор поставки №14 ОР_0680-150523;Сидоренко Александр;ПКНФ-00635 ;11.06.2025;;11.06.2025;11.06.2025;159923000;159923000;Насос       канализационный       погружной:       KQ 250WQ650-18-45 длина кабеля – 15м, в комплект;3
5406 - КНС 8шт, насосы, КР 14шт., корпуса    насосной    станции:    12-18    рабочих    недель, Срок поставки насосного оборудования: 16-18 рабочих недель, Самовывоз;к отгрузке;БЛОРЭЙ;Договор поставки №14 ОР_0680-150523;Сидоренко Александр;ПКНФ-00635 ;11.06.2025;;11.06.2025;11.06.2025;159923000;159923000;Корпус канализационной насосной станции КСС- КНС-2.3        4000-9700        произведенный        и;1
5406 - КНС 8шт, насосы, КР 14шт., корпуса    насосной    станции:    12-18    рабочих    недель, Срок поставки насосного оборудования: 16-18 рабочих недель, Самовывоз;к отгрузке;БЛОРЭЙ;Договор поставки №14 ОР_0680-150523;Сидоренко Александр;ПКНФ-00635 ;11.06.2025;;11.06.2025;11.06.2025;159923000;159923000;Насос       канализационный       погружной:       KQ 250WQ650-18-45 длина кабеля – 15м, в комплект;3
5406 - КНС 8шт, насосы, КР 14шт., корпуса    насосной    станции:    12-18    рабочих    недель, Срок поставки насосного оборудования: 16-18 рабочих недель, Самовывоз;к отгрузке;БЛОРЭЙ;Договор поставки №14 ОР_0680-150523;Сидоренко Александр;ПКНФ-00635 ;11.06.2025;;11.06.2025;11.06.2025;159923000;159923000;Корпус канализационной насосной станции КСС- КНС-2.4        4000-9700        произведенный        и;1
5406 - КНС 8шт, насосы, КР 14шт., корпуса    насосной    станции:    12-18    рабочих    недель, Срок поставки насосного оборудования: 16-18 рабочих недель, Самовывоз;к отгрузке;БЛОРЭЙ;Договор поставки №14 ОР_0680-150523;Сидоренко Александр;ПКНФ-00635 ;11.06.2025;;11.06.2025;11.06.2025;159923000;159923000;Насос       канализационный       погружной:       KQ 250WQ650-18-45 длина кабеля – 15м, в комплект;3
5406 - КНС 8шт, насосы, КР 14шт., корпуса    насосной    станции:    12-18    рабочих    недель, Срок поставки насосного оборудования: 16-18 рабочих недель, Самовывоз;к отгрузке;БЛОРЭЙ;Договор поставки №14 ОР_0680-150523;Сидоренко Александр;ПКНФ-00635 ;11.06.2025;;11.06.2025;11.06.2025;159923000;159923000;Корпус канализационной насосной станции КСС- КНС-3         4000-7500         произведенный;1
5406 - КНС 8шт, насосы, КР 14шт., корпуса    насосной    станции:    12-18    рабочих    недель, Срок поставки насосного оборудования: 16-18 рабочих недель, Самовывоз;к отгрузке;БЛОРЭЙ;Договор поставки №14 ОР_0680-150523;Сидоренко Александр;ПКНФ-00635 ;11.06.2025;;11.06.2025;11.06.2025;159923000;159923000;Насос       канализационный       погружной:       KQ 250WQ650-18-45 длина кабеля – 15м, в комплект;3
5406 - КНС 8шт, насосы, КР 14шт., корпуса    насосной    станции:    12-18    рабочих    недель, Срок поставки насосного оборудования: 16-18 рабочих недель, Самовывоз;к отгрузке;БЛОРЭЙ;Договор поставки №14 ОР_0680-150523;Сидоренко Александр;ПКНФ-00635 ;11.06.2025;;11.06.2025;11.06.2025;159923000;159923000;Корпус колодца гашения напора стеклопластиковый  КСС-КГН  1,14,  D=2500  мм, Н=2400 мм;1
5406 - КНС 8шт, насосы, КР 14шт., корпуса    насосной    станции:    12-18    рабочих    недель, Срок поставки насосного оборудования: 16-18 рабочих недель, Самовывоз;к отгрузке;БЛОРЭЙ;Договор поставки №14 ОР_0680-150523;Сидоренко Александр;ПКНФ-00635 ;11.06.2025;;11.06.2025;11.06.2025;159923000;159923000;Корпус колодца гашения напора стеклопластиковый  КСС-КГН  2,40  D=2500  мм, Н=2160 мм;1
5406 - КНС 8шт, насосы, КР 14шт., корпуса    насосной    станции:    12-18    рабочих    недель, Срок поставки насосного оборудования: 16-18 рабочих недель, Самовывоз;к отгрузке;БЛОРЭЙ;Договор поставки №14 ОР_0680-150523;Сидоренко Александр;ПКНФ-00635 ;11.06.2025;;11.06.2025;11.06.2025;159923000;159923000;Корпус колодца гашения напора стеклопластиковый  КСС-КГН  2,41,  D=2500  мм, Н=2230 мм;1
5406 - КНС 8шт, насосы, КР 14шт., корпуса    насосной    станции:    12-18    рабочих    недель, Срок поставки насосного оборудования: 16-18 рабочих недель, Самовывоз;к отгрузке;БЛОРЭЙ;Договор поставки №14 ОР_0680-150523;Сидоренко Александр;ПКНФ-00635 ;11.06.2025;;11.06.2025;11.06.2025;159923000;159923000;Корпус колодца гашения напора стеклопластиковый   КСС-КГН  2,42,  D=2500  мм,Н=2250 мм"";1
5406 - КНС 8шт, насосы, КР 14шт., корпуса    насосной    станции:    12-18    рабочих    недель, Срок поставки насосного оборудования: 16-18 рабочих недель, Самовывоз;к отгрузке;БЛОРЭЙ;Договор поставки №14 ОР_0680-150523;Сидоренко Александр;ПКНФ-00635 ;11.06.2025;;11.06.2025;11.06.2025;159923000;159923000;Корпус колодца гашения напора стеклопластиковый  КСС-КГН  2,43,  D=2500  мм, Н=2530 мм;1
5406 - КНС 8шт, насосы, КР 14шт., корпуса    насосной    станции:    12-18    рабочих    недель, Срок поставки насосного оборудования: 16-18 рабочих недель, Самовывоз;к отгрузке;БЛОРЭЙ;Договор поставки №14 ОР_0680-150523;Сидоренко Александр;ПКНФ-00635 ;11.06.2025;;11.06.2025;11.06.2025;159923000;159923000;Корпус колодца гашения напора стеклопластиковый   КСС-КГН   3,1   D=2500   мм, Н=2000 мм;1
5406 - КНС 8шт, насосы, КР 14шт., корпуса    насосной    станции:    12-18    рабочих    недель, Срок поставки насосного оборудования: 16-18 рабочих недель, Самовывоз;к отгрузке;БЛОРЭЙ;Договор поставки №14 ОР_0680-150523;Сидоренко Александр;ПКНФ-00635 ;11.06.2025;;11.06.2025;11.06.2025;159923000;159923000;Корпус соединительного колодца стеклопластиковый   КСС-КС   2,2а   D=2500   мм, Н=5200 мм;1
5406 - КНС 8шт, насосы, КР 14шт., корпуса    насосной    станции:    12-18    рабочих    недель, Срок поставки насосного оборудования: 16-18 рабочих недель, Самовывоз;к отгрузке;БЛОРЭЙ;Договор поставки №14 ОР_0680-150523;Сидоренко Александр;ПКНФ-00635 ;11.06.2025;;11.06.2025;11.06.2025;159923000;159923000;Корпус соединительного колодца их стеклопластика КСС-КС 2,3а   D=3600   мм, Н=2740 мм;1
5406 - КНС 8шт, насосы, КР 14шт., корпуса    насосной    станции:    12-18    рабочих    недель, Срок поставки насосного оборудования: 16-18 рабочих недель, Самовывоз;к отгрузке;БЛОРЭЙ;Договор поставки №14 ОР_0680-150523;Сидоренко Александр;ПКНФ-00635 ;11.06.2025;;11.06.2025;11.06.2025;159923000;159923000;Корпус соединительного колодца стеклопластикового   КСС-КС   2,37   D=3600   мм, Н=5960 мм;1
5406 - КНС 8шт, насосы, КР 14шт., корпуса    насосной    станции:    12-18    рабочих    недель, Срок поставки насосного оборудования: 16-18 рабочих недель, Самовывоз;к отгрузке;БЛОРЭЙ;Договор поставки №14 ОР_0680-150523;Сидоренко Александр;ПКНФ-00635 ;11.06.2025;;11.06.2025;11.06.2025;159923000;159923000;Корпус соединительнго колодца из стеклопластика  КСС-КС   2,38   D=2500   мм, Н=6030 мм;1
5406 - КНС 8шт, насосы, КР 14шт., корпуса    насосной    станции:    12-18    рабочих    недель, Срок поставки насосного оборудования: 16-18 рабочих недель, Самовывоз;к отгрузке;БЛОРЭЙ;Договор поставки №14 ОР_0680-150523;Сидоренко Александр;ПКНФ-00635 ;11.06.2025;;11.06.2025;11.06.2025;159923000;159923000;Корпус соединительго колодца из стеклопластика КСС-КС 2,39   D=2500   мм, Н=6150 мм;1
5406 - КНС 8шт, насосы, КР 14шт., корпуса    насосной    станции:    12-18    рабочих    недель, Срок поставки насосного оборудования: 16-18 рабочих недель, Самовывоз;к отгрузке;БЛОРЭЙ;Договор поставки №14 ОР_0680-150523;Сидоренко Александр;ПКНФ-00635 ;11.06.2025;;11.06.2025;11.06.2025;159923000;159923000;Корпус распределительного колодца стеклопластиковый   КСС-КР   2,44   D=3000   мм, Н=2500 мм;1
5406 - КНС 8шт, насосы, КР 14шт., корпуса    насосной    станции:    12-18    рабочих    недель, Срок поставки насосного оборудования: 16-18 рабочих недель, Самовывоз;к отгрузке;БЛОРЭЙ;Договор поставки №14 ОР_0680-150523;Сидоренко Александр;ПКНФ-00635 ;11.06.2025;;11.06.2025;11.06.2025;159923000;159923000;Корпус распределительного колодца стеклопластиковый   КСС-КР   2,45   D=3000   мм, Н=2600 мм;1
5395У - ПНС, 6-9 недель, Доставка до объекта включена;В работе;ЧИСТАЯ ЭНЕРГИЯ ООО;Договор №315/23;Сидоренко Александр;ПКНФ-00636 ;19.11.2025;;19.11.2025;19.11.2025;1188000;300000;Установка пожаротушения Q=108 м3/ч, Н=38,15 м КСС-П-2 CDM85-3+АВР+2ЭЗ;1
6611.1 - надземный блок-контейнер , 8-10 недель, Самовывоз оборудования со склада Поставщика;к отгрузке;БЛОРЭЙ;Договор поставки № 538/25;Сидоренко Александр;ПКНФ-00638 ;17.06.2025;27.06.2025;18.06.2025;17.06.2025;1056000;1056000;Надземный блок -контейнер для обслуживания насосной станции пожаротушения;1
6834 СЧЕТ НА РАБОТЫ ОТ ГИДРОСИСТЕМА ( сумма договора 57 053 223,19);В работе;АЭРОТЕРМИНАЛ ООО;Договор субподряда №АТ-25-Д517;Сидоренко Александр;ПКНФ-00639 ;17.06.2025;;17.06.2025;17.06.2025;57053223.19;36394759.49;АВАНС 50% ПО ДОГОВОРУ СУБПОДРЯДА №АТ-25-Д517 от 22.04.2025;1
4543 - КНС, 6-8 рабочих недель, насосы 9-11 рабочих недель, Доставка товара включена в стоимость  ;к отгрузке;АЛЬПИНА-Сервис;Договор поставки № 544/25;Сидоренко Александр;ПКНФ-00700 ;24.07.2025;12.11.2025;24.12.2025;24.07.2025;1410000;987000;Канализационная насосная станция в корпусе из стеклопластика КСС-КНС-1600-8600;1
6661  - ПНС, 6-9 недель;к отгрузке;ПРОМГИДРО ООО;Договор поставки № 637/25;Менеджер;ПКНФ-00709 ;29.07.2025;30.07.2025;09.09.2025;29.07.2025;1335200;1335200;КСС-П-3 EST80-200/220+ЖН EVR4 9+ГА250+2ЭЗ+АВР+РК;1
6754 - КНС, 6-8 недель, насосы 9-11 недель, Доставка товара включена в стоимость ;к отгрузке;Ифантиди Яков Спиридонович ИП;Договор поставки № 640/25;Сидоренко Александр;ПКНФ-00715 ;25.08.2025;11.09.2025;27.10.2025;25.08.2025;4162000;2081000;Канализационная насосная станция в корпусе из стеклопластика КСС-КНС-3200-4800;1
7148 - ЕН 3 шт, 7-9 недель, Самовывоз;В работе;Заводнов Павел Геннадьевич ИП;Договор поставки № 653/25;Сидоренко Александр;ПКНФ-00739 ;15.08.2025;;20.10.2025;15.08.2025;3267810;3267810;Емкость накопительная для питьевой воды из полиэтилена КСС-ЕНП-20, D=2000 мм, L=6400 мм, объем 20 м3;1
7148 - ЕН 3 шт, 7-9 недель, Самовывоз;В работе;Заводнов Павел Геннадьевич ИП;Договор поставки № 653/25;Сидоренко Александр;ПКНФ-00739 ;15.08.2025;;20.10.2025;15.08.2025;3267810;3267810;Емкость накопительная из стеклопластика КСС-ЕН-100, D=3600 мм, L=10200 мм, объем 100 м3;2
6652 - ЕН, 7-9 недель, Доставка включена в стоимость;к отгрузке;Филиал ТС Стандартпарк (Краснодар);Договор поставки № 656/25;Пикалов Владимир ;ПКНФ-00744 ;01.11.2025;;01.11.2025;01.11.2025;1455500;1455500;Емкость накопительная, произведенная из стеклопластика КСС-ЕН-90, D=3000 мм, L=13000 мм, объем 90 м3;1
7148.3 - ВНС в корпусе, 7-9 недель, Самовывоз оборудования ;к отгрузке;Заводнов Павел Геннадьевич ИП;Договор поставки № 653/25;Сидоренко Александр;ПКНФ-00746 ;21.08.2025;;09.10.2025;21.08.2025;743000;743000;Насосная станция повышения давления в корпусе из стеклопластика КСС-BНС-2000-3050;1
7211 - КНС, 5-7 недель, насосы 9-11 недель, Доставка оборудования включена в стоимость;к отгрузке;Филиал ТС Стандартпарк (Краснодар);Договор поставки № 656/25;Пикалов Владимир ;ПКНФ-00747 ;01.11.2025;;01.11.2025;01.11.2025;3102200;1861320;Канализационная насосная станция в корпусе из стеклопластика КСС-КНС-3000-6900;1
7363 - ЕН, Септик, ЛОС, ПНС 7-9 недель, Доставка товара включена в стоимость ;В работе;КапиталСтройАльянс ООО;Договор поставки № 666/25;Марухленко Давид Сергеевич;ПКНФ-00782 ;25.11.2025;;25.11.2025;25.11.2025;5550000;2550000;Емкость накопительная, произведенная из стеклопластика КСС-ЕН-100, D=3000 мм, L=14600  мм,  объем  1;1
7363 - ЕН, Септик, ЛОС, ПНС 7-9 недель, Доставка товара включена в стоимость ;В работе;КапиталСтройАльянс ООО;Договор поставки № 666/25;Марухленко Давид Сергеевич;ПКНФ-00782 ;25.11.2025;;25.11.2025;25.11.2025;5550000;2550000;Септик, произведенный из армированного стеклопластика методом машинной намотки КСС-СП-15, D=2000 мм,;1
7363 - ЕН, Септик, ЛОС, ПНС 7-9 недель, Доставка товара включена в стоимость ;В работе;КапиталСтройАльянс ООО;Договор поставки № 666/25;Марухленко Давид Сергеевич;ПКНФ-00782 ;25.11.2025;;25.11.2025;25.11.2025;5550000;2550000;Модульная установка локальных очистных сооружений ливневых стоков КСС-ЛОС-50 50 л/с, D=2400 мм, L=11;1
7363 - ЕН, Септик, ЛОС, ПНС 7-9 недель, Доставка товара включена в стоимость ;В работе;КапиталСтройАльянс ООО;Договор поставки № 666/25;Марухленко Давид Сергеевич;ПКНФ-00782 ;25.11.2025;;25.11.2025;25.11.2025;5550000;2550000;Автоматическая насосная станция пожаротушения КСС-П-2 NIS100-65-200-30-ЖН CDM5-8-ГА50- АВР-РК-2ЭЗ;1
7375 - комплект, 1 насос 2-3 ндели, 2 насос 9-11 нед.;к отгрузке;АЛЬКАСАР ООО;Договор поставки № 672/25;Салогуб Денис;ПКНФ-00797 ;22.10.2025;;22.10.2025;22.10.2025;634800;634800;Насосы CNP100WQ65-15-5.5W(I) (длина кабеля– 9 м), в комплекте с автоматической трубной муфтой DN100;2
7375 - комплект, 1 насос 2-3 ндели, 2 насос 9-11 нед.;к отгрузке;АЛЬКАСАР ООО;Договор поставки № 672/25;Салогуб Денис;ПКНФ-00797 ;22.10.2025;;22.10.2025;22.10.2025;634800;634800;Внутренняя трубная обвязка из нерж. ст. AISI 304 DN125;1
7375 - комплект, 1 насос 2-3 ндели, 2 насос 9-11 нед.;к отгрузке;АЛЬКАСАР ООО;Договор поставки № 672/25;Салогуб Денис;ПКНФ-00797 ;22.10.2025;;22.10.2025;22.10.2025;634800;634800;Корзина сороудерживающая DN250, нерж. ст. AISI 304;1
4669 - КНС, корпус 6-9 нед, насосы 10-12 нед.;к отгрузке;КСС РОСТОВ ООО;Основной договор 1/18;Лесниченко Артем Евгеньевич;ПКНФ-00812 ;02.10.2025;02.10.2025;02.10.2025;02.10.2025;3722500;1500000;КСС-КНС-3000-6000, на базе насосов CNP 100SSC100-65-75.;1
7417 - ЛОС, согласован с Антоном 5-7 недель, Доставка включена;В работе;ООО «СЗ «Стройком»;Основной договор;Сергеев Дмитрий Владимирович;ПКНФ-00831 ;27.11.2025;;27.11.2025;27.11.2025;2551200;1275600;Ремень стяжной 7,0/14,0/10000 75мм;12
7417 - ЛОС, согласован с Антоном 5-7 недель, Доставка включена;В работе;ООО «СЗ «Стройком»;Основной договор;Сергеев Дмитрий Владимирович;ПКНФ-00831 ;27.11.2025;;27.11.2025;27.11.2025;2551200;1275600;Модульная установка КСС-ЛОС-120, состоящая из 3 камер, 120 л/с, D=3200 мм, L=12000 мм;1
7038 - КНС, 7-9 недель, насосы 9-11 недель, Доставка товара включена в стоимость ;В работе;АКВА СТРОЙ ООО;Договор поставки № 578/25;Марухленко Давид Сергеевич;ПКНФ-00832 ;13.10.2025;;13.10.2025;13.10.2025;5335000;1600500;Канализационная насосная станция в корпусе КСС-КНС-3200-5200, на базе насосов CNP Q=457,2 м3/ч, H=8;1
7038 - КНС, 7-9 недель, насосы 9-11 недель, Доставка товара включена в стоимость ;В работе;АКВА СТРОЙ ООО;Договор поставки № 578/25;Марухленко Давид Сергеевич;ПКНФ-00832 ;13.10.2025;;13.10.2025;13.10.2025;5335000;1600500;Канализационная насосная станция в корпусе КСС-КНС-2400-5700, на базе насосов CNP Q=89 м3/ч, H=15м;1
6167 - КНС, ПОПЛАВКИ 25 МЕТРОВ 6-8 недель, Доставка товара включена в стоимость ;В работе;Славтэк-Юг ООО;Договор поставки № 686/25;Сидоренко Александр;ПКНФ-00836 ;13.10.2025;21.11.2025;15.01.2026;13.10.2025;1473750;1031625;Канализационная насосная станция в корпусе КСС-КНС-2000-3500, на базе насосов CNP Q=200м3/ч, H=30 м;1
7550 - КНС 1 шт, 5-7 недель согласован с Антоном, насосы 9-11 недель , Доставка включена;В работе;ООО «СЗ «Стройком»;Договор поставки № 684/25;Сергеев Дмитрий Владимирович;ПКНФ-00838 ;27.11.2025;;27.11.2025;27.11.2025;2655000;1327500;Канализационная насосная станция в корпусе из  стеклопластика КСС-КНС-1-2400-3900;1
7024 - КНС 2 шт, 7-9 недель, насосы 9-11 недель, Доставка товара включена в стоимость ;В работе;АКВА СТРОЙ ООО;Договор поставки № 578/25;Марухленко Давид Сергеевич;ПКНФ-00841 ;14.10.2025;;14.10.2025;14.10.2025;4924000;1477200;Канализационная насосная станция в корпусе КСС-КНС-1-3200-6100;1
7024 - КНС 2 шт, 7-9 недель, насосы 9-11 недель, Доставка товара включена в стоимость ;В работе;АКВА СТРОЙ ООО;Договор поставки № 578/25;Марухленко Давид Сергеевич;ПКНФ-00841 ;14.10.2025;;14.10.2025;14.10.2025;4924000;1477200;Канализационная насосная станция в корпусе КСС-КНС-2000-3700;1
7354 - ПНС и ВНС в корпусе 2 шт.  8-10 нед из КП! Доставка. (С РАСШИРЕННОЙ ГАРАНТИЕЙ);к отгрузке;СЗ Инвестгрупп ООО;Договор поставки № 689/25;Людвик Мирзоян;ПКНФ-00845 ;16.10.2025;10.11.2025;16.10.2025;16.10.2025;5211000;3647700;КСС-ВНС-3000-4800 с трубной обвязкой DN65 из нерж. ст. AISI 304 на базе установки подачи воды для по;1
7354 - ПНС и ВНС в корпусе 2 шт.  8-10 нед из КП! Доставка. (С РАСШИРЕННОЙ ГАРАНТИЕЙ);к отгрузке;СЗ Инвестгрупп ООО;Договор поставки № 689/25;Людвик Мирзоян;ПКНФ-00845 ;16.10.2025;10.11.2025;16.10.2025;16.10.2025;5211000;3647700;КСС-ПНС-3200-4800 с трубной обвязкой DN150 из нерж. ст. AISI 304 на базе установки подачи воды для п;1
7187У - ВНС 4шт, срок 3-5 недель, Доставка включена;В работе;ООО «СЗ «Стройком»;Договор поставки № 684/25;Сергеев Дмитрий Владимирович;ПКНФ-00847 ;27.11.2025;;27.11.2025;27.11.2025;1296208;648104;Станция повышенного давления КСС-МЧ-3-CDM3-11+СХ (ПК);4
7543 - КНС, 6-8 недель, Самовывоз ;к отгрузке;ТЕВАР;Договор поставки № 575/25;Алешков Антон;ПКНФ-00859 ;23.10.2025;;23.10.2025;23.10.2025;1658000;1658000;КСС-ККНС-2500-4000, на базе насосов CNP;1
7413 - Комплект оборудования, 3-5 недель, самовывоз;В работе;ЛИДЕР ООО;Договор поставки № 694/25;Сергеев Дмитрий Владимирович;ПКНФ-00869 ;29.10.2025;;29.10.2025;29.10.2025;1252000;877000;Комплект оборудования для размещения в бетонном корпусе насосной станции, включающий в себя:;1
7209 - ПНС в корпусе, 2шт., 9-11 недель, Доставка товара включена в стоимость  ;В работе;РК-СТРОЙГРУПП ООО;Договор поставки № 697/25;Собиев Олег;ПКНФ-00880 ;31.10.2025;11.11.2025;13.01.2026;31.10.2025;5250000;5250000;Насосная станция пожаротушения в корпусе из стеклопластика КСС-ПНС-3000-14700;2
7469 - ЕН, 6-8 нед.(списаны лестницы к ЛОС 5755.3 добавить их тоже в наряд!!!) Доставка товара осуществляется силами и за счет Поставщика, до объекта Покупателя поадресу. Мартыновский район, сл. Большая Орловка пер, Школьный 20а.;В работе;КСС РОСТОВ ООО;Основной договор 1/18;Лесниченко Артем Евгеньевич;ПКНФ-00886 ;01.11.2025;01.11.2025;01.11.2025;01.11.2025;431505;200000;КСС-ЕН-30, D=1800 мм, L=11990 мм, объем 30 м3;1
5033 - ЛОС 4 шт, 6-10 рабочих недель, Доставка включена в стоимость оборудования.;В работе;НОРМАСТРОЙИНДУСТРИЯ (НСИ) ООО;Договор поставки № 186/25;Людвик Мирзоян;ПКНФ-00889 ;05.11.2025;19.11.2025;12.01.2026;05.11.2025;16250000;16250000;Модульная установка локальных очистных сооружений КСС-ЛОС-125 , 125 л/с, D=3600 мм, L=16300 мм;4
7308 - работы изменение ультрафиолета;В работе;МЕЖДУНАРОДНЫЙ АЭРОПОРТ СОЧИ  АО МАС АО;Договор поставки и монтажа №1107/25-МАС;Сидоренко Александр;ПКНФ-00902 ;12.11.2025;;28.11.2025;12.11.2025;270000;270000;Комплект оборудования для автоматизации процесса включения ультрафиолетового обеззараживателя жидкос;1
6854 - ГКНС, 8-9 недель, Доставка товара включена в стоимость ;В работе;Мастер-Юг ООО;Договор поставки № 703/25;Сидоренко Александр;ПКНФ-00905 ;14.11.2025;18.11.2025;13.01.2026;14.11.2025;10070000;5035000;Канализационная насосная станция горизонтальная в корпусе КСС-ГКНС-3600-13200;1
7527 - ЕН 2 шт, 5-7 недель, Доставка товара включена в стоимость ;В работе;ЕВРОДОМ ГРУПП ООО;Договор поставки № М/РП-87/2025;Сидоренко Александр;ПКНФ-00909 ;17.11.2025;;17.11.2025;17.11.2025;391000;273700;Емкость накопительная, произведенная из стеклопластика  КСС-ЕН-2, D=1000 мм, L=2700 мм, объем 2 м3;1
7527 - ЕН 2 шт, 5-7 недель, Доставка товара включена в стоимость ;В работе;ЕВРОДОМ ГРУПП ООО;Договор поставки № М/РП-87/2025;Сидоренко Александр;ПКНФ-00909 ;17.11.2025;;17.11.2025;17.11.2025;391000;273700;Емкость накопительная, произведенная из стеклопластика   КСС-ЕН-12, D=2000 мм, L=4050 мм, объем 12 м;1
7841 - ЕН, 6-8 недель, Доставка товара включена в стоимость ;В работе;ЛИТЛИДЕР ООО;Договор поставки № 624/25;Марухленко Давид Сергеевич;ПКНФ-00913 ;19.11.2025;;19.11.2025;19.11.2025;465000;139500;Емкость накопительная, произведенная из стеклопластика  КСС-ЕН-30, D=2000 мм, L=10100 мм, объем 30 м;1
7030 - КНС, ШУ, 6-8 недель, Самовывоз;к отгрузке;ВДА ИНЖ ООО;Договор №442/24;Салогуб Денис;ПКНФ-00918 ;20.11.2025;;20.11.2025;20.11.2025;2772900;554580;Канализационная насосная станция в корпусе из стеклопластика  КСС-КНС-3000-7000 Q=150 м3/ч, H=25 м;1
7030 - КНС, ШУ, 6-8 недель, Самовывоз;к отгрузке;ВДА ИНЖ ООО;Договор №442/24;Салогуб Денис;ПКНФ-00918 ;20.11.2025;;20.11.2025;20.11.2025;2772900;554580;Шкаф управления двумя насосами, уличное исполнение, плавный пуск, двойной ввод питания с АВР, искроб;1
7564 - ЕН 2шт, ЛОС, УФ - 8-10нед. ЕН - 30 дней, ЛОС, УФ -6-8 нед. Доставка. Донавиадонстрой;Отгружен ч;КСС РОСТОВ ООО;Основной договор 1/18;Ефименко Александр ;ПКНФ-00921 ;21.11.2025;;29.01.2026;21.11.2025;4035000;3000000;Модульная станция УФ-обеззараживания ливневых сточных вод КСС-УФ-16 16 л/с, D=2500 мм, H=3300 мм;1
7564 - ЕН 2шт, ЛОС, УФ - 8-10нед. ЕН - 30 дней, ЛОС, УФ -6-8 нед. Доставка. Донавиадонстрой;Отгружен ч;КСС РОСТОВ ООО;Основной договор 1/18;Ефименко Александр ;ПКНФ-00921 ;21.11.2025;;29.01.2026;21.11.2025;4035000;3000000;Емкость накопительная КСС-ЕН-60, D=2500 мм, L=12500 мм, объем 60 м3;2
7564 - ЕН 2шт, ЛОС, УФ - 8-10нед. ЕН - 30 дней, ЛОС, УФ -6-8 нед. Доставка. Донавиадонстрой;Отгружен ч;КСС РОСТОВ ООО;Основной договор 1/18;Ефименко Александр ;ПКНФ-00921 ;21.11.2025;;29.01.2026;21.11.2025;4035000;3000000;Модульная установка локальных очистных сооружений КСС-ЛОС-16 л/с, D=2000 мм, L=7400 мм;1
7753 - ЖУ,6-8 недель,доставка.;В работе;ИП Лопоносова Екатерина Павловна;Договор №330/23;Сидоренко Александр;ПКНФ-00922 ;24.11.2025;;24.11.2025;24.11.2025;108000;108000;Жироуловитель вертикальный КСС-ЖУВ-2,5  D=1600 мм,H=2400 мм;1
7799 - ЖУ, 6-8 недель, Самовывоз ;В работе;ОКС ООО;Договор поставки № 720/25;Сергеев Дмитрий Владимирович;ПКНФ-00925 ;26.11.2025;11.12.2025;22.01.2026;26.11.2025;84000;84000;Жироуловитель вертикальный КСС-ЖУВ-3 в корпусе из стеклопластика 3 л/с, D=1000 мм, H=3200 мм;1
7896,7897- водоподготовка;В работе;КСС ( Водоподготовка);Основной договор;Алешков Антон;ПКНФ-00928 ;26.11.2025;26.11.2025;26.11.2025;26.11.2025;1917638;1917638;Станция подготовки питьевой воды ""Баланс А-8"" (без электрики);1
7896,7897- водоподготовка;В работе;КСС ( Водоподготовка);Основной договор;Алешков Антон;ПКНФ-00928 ;26.11.2025;26.11.2025;26.11.2025;26.11.2025;1917638;1917638;Станция подготовки питьевой воды ""Баланс А-5"" (без электрики);1
7399 - КНС, корпус 7-9 нед, насосы 9-11 нед. Доставка включ.;к отгрузке;ПРОМГРАЖДАНСТРОЙПРОЕКТ ООО;Договор поставки № 641/25;Марухленко Давид Сергеевич;ПКНФ-00930 ;27.11.2025;01.12.2025;27.11.2025;27.11.2025;933000;260000;КСС-КНС-1600-3600, на базе насосов CNP Q=10 м3/ч, H=26,3 м;1
7916 - гибкие вставки;В работе;Строй-Монтаж;Договор;Марухленко Давид Сергеевич;ПКНФ-00932 ;27.11.2025;;27.11.2025;27.11.2025;11600;11600;Гибкая вставка эластичная - антивибрационный компенсатор (виброкомпенсатор) DN050 PN10, фланец/флане;2
7916 - гибкие вставки;В работе;Строй-Монтаж;Договор;Марухленко Давид Сергеевич;ПКНФ-00932 ;27.11.2025;;27.11.2025;27.11.2025;11600;11600;Гибкая вставка эластичная - антивибрационный компенсатор (виброкомпенсатор) DN040 PN10, фланец/флане;2
6228.1 насосы 2 шт , 6-8 недель, Самовывоз;В работе;ИНЖЕНЕРНЫЕ СИСТЕМЫ ЮГА ООО;Договор поставки № 721/25;Сидоренко Александр;ПКНФ-00938 ;03.12.2025;;03.12.2025;03.12.2025;1200000;1200000;Насосы: KQ 50WQ/S218-1.1. длина кабеля – 10м (1 рабочий + 1 резервный) ;2
6228.2 ( в спец 3 насоса!), 6-8 недель, Самовывоз;В работе;ПРОМЕТЕЙ ООО;Договор поставки № 722/25;Менеджер;ПКНФ-00939 ;03.12.2025;04.12.2025;03.12.2025;03.12.2025;1100000;1100000;Насосы: KQ Q=940м3/ч, Н=12м;1
6228 - КНС 2 штуки,  6-8 недель.;В работе;ВЭС-СТРОЙ (монтаж);Договор поставки № 723/25;Сидоренко Александр;ПКНФ-00940 ;03.12.2025;;03.12.2025;03.12.2025;1766936;1766936;Корпус из армированного стеклопластика для КСС-КНС-1600 -6370;1
7485 - ЛОС 1 шт, 6-8 недель, Доставка товара включена в стоимость ;В работе;РК-СТРОЙГРУПП ООО;Договор поставки № 697/25;Собиев Олег;ПКНФ-00947 ;05.12.2025;09.12.2025;20.01.2026;05.12.2025;1310000;1310000;Модульная установка КСС-ЛОС-30, из 3 камер (ПО+МБО+СФ) 30 л/с, D=2400 мм  L=8000 мм;1
7586 - ПНС, до 8 раб. нед. ПНР и доставка включены. (в сумму включена достава 100 000 руб.);В работе;КСС РОСТОВ ООО;Основной договор 1/18;Хомченко Евгений Владимирович;ПКНФ-00948 ;05.12.2025;;05.12.2025;05.12.2025;2303500;1000000;КСС-ПНС-3600-4800  на базе установки подачиводы для подачиводы для пожаротушения КСС-П-2EST80-200- 2;1
579- КНС, 8-10 рабочих недель , насосы 15-16 рабочих недель (без учета праздничных дней), Доставка товара включена ;В работе;ЭНЕРГОСИЛА ООО;Договор поставки № 726/25;Сидоренко Александр;ПКНФ-00952 ;08.12.2025;;08.12.2025;08.12.2025;5585000;3909500;Канализационная насосная станция КСС-КНС-2400-6500 в корпусе,;1
