Product order name;product_order_date;comment;factory;status;create_date;order_number;order_date;product_name;qty
ПКНФ-000001;12.01.2026;7726.1 - ВНС в корпусе (Основное);Васюринская;В работе;12.01.2026;ПКНФ-00933 ;15.12.2025;Насосная станция повышения давления в корпусе КСС-МЧ-3 CDM15-6-СХ-ГА8-УХЛ1;1
ПКНФ-000002;12.01.2026;7726.1У - Установка повышения давления;Новороссийская ( внс и пнс);В работе;12.01.2026;ПКНФ-00933 ;15.12.2025;7726.1У - Установка повышения давления ;1
ПКНФ-000003;12.01.2026;7726.2 - ПНС в корпусе (основное);Васюринская;В работе;12.01.2026;ПКНФ-00933 ;15.12.2025;Насосная станция пожаротушения в корпусе КСС-П-2 NIS125-100-200-37-АВР-2ЭЗ-РК-УХЛ;1
ПКНФ-000004;12.01.2026;7726.2У - Установка пожаротушения;Новороссийская ( внс и пнс);В работе;12.01.2026;ПКНФ-00933 ;15.12.2025;7726.2У - Установка пожаротушения;1
ПКНФ-000007;22.01.2026;7614.1 - Трубопровод ;Новороссийская ( внс и пнс);В работе;22.01.2026;ПКНФ-00956 ;10.12.2025;7614.1 - Трубопровод;1
ПКНФ-000008;23.01.2026;7614.1 - Рама под УПМ Балка под крышку;Васюринская;В резерв после прихода;23.01.2026;ПКНФ-00956 ;10.12.2025;7614.1 - Рама под УПМ Балка под крышку;1
ПКНФ-000009;22.01.2026;7614.1 - Направляющие под корзину  Площадка Лестница Балка   транспортировочная Корзина  (резерв лист пвл);Новороссийская ( внс и пнс);В резерв после прихода;22.01.2026;ПКНФ-00956 ;10.12.2025;7614.1 - Направляющие под корзину  Площадка Лестница Балка транспортировочная Корзина;1
ПКНФ-000010;15.01.2025;5415.3 - ВНС корпус - Изделие (списан бак з0227, подводка из 5963);Васюринская;В работе;15.01.2025;ПКНФ-00389;13.12.2024;Насосная станция повышения давления в корпусе базе установки повышения давления КСС-МЧ-2 CDM5-4+СХ+Г;1
ПКНФ-000010;22.01.2026;6176.3ШУ ПНС+ кабель для отправки со станцией + материал для раксключения бочки на Васюринской;Тихорецкая ( только для шу с 0;В резерв после прихода;22.01.2026;ПКНФ-00980 ;26.12.2025;6176.3 КСС-ШУПФС-Д-3-3- 18.5К+2ЭЗ+АВР;1
ПКНФ-000011;22.01.2026;5882.2ШУ ПНС + расключение станции;Тихорецкая ( только для шу с 0;В резерв после прихода;22.01.2026;ПКНФ-00970 ;22.12.2025;5882.2ШУ КСС-ШУПФС-С-2-3- 30К+АВР;1
ПКНФ-000013;22.01.2026;7726.1ШУ ВНС + расключение станции;Тихорецкая ( только для шу с 0;В резерв после прихода;22.01.2026;ПКНФ-00933 ;15.12.2025;7726.1 КСС-ШУПЧ2  3-3 -5.5кВт+СХ;1
ПКНФ-000014;22.01.2026;7726.2ШУ ПНС + расключение станции;Тихорецкая ( только для шу с 0;В резерв после прихода;22.01.2026;ПКНФ-00933 ;15.12.2025;7726.2ШУ КСС-ШУПФС-С-2-3- 37К+АВР+2ЭЗ;1
ПКНФ-000022;12.01.2026;7719.5У - ПНС установка;Новороссийская ( внс и пнс);В работе;12.01.2026;ПКНФ-00960 ;12.12.2025;Установка подачи воды для пожаротушения КСС-П-3 CDM20-5+АВР+2ЭЗ+РК;1
ПКНФ-000025;22.01.2025;5415.4 - в корпусе - Изделие;Васюринская;В работе;22.01.2025;ПКНФ-00389;13.12.2024;Насосная станция пожаротушения в корпусе установки пожаротушения КСС-П-2 CDM20-2+АВР+2ЭЗ;1
ПКНФ-000025;22.01.2026;7634.2У - ВНС установка;Новороссийская ( внс и пнс);В работе;22.01.2026;ПКНФ-00931 ;15.12.2025;7634.2У - Автоматическая насосная станция повышения давления КСС-МЧ-3 CDM15-6-СХ-ГА8;1
ПКНФ-000028;22.01.2026;7634.2У - Трубопровод;Новороссийская ( внс и пнс);В работе;22.01.2026;ПКНФ-00931 ;15.12.2025;7634.2У - Трубопровод;1
ПКНФ-000029;14.01.2026;7719.5 корпус - Лестница;Новороссийская ( внс и пнс);В работе;14.01.2026;ПКНФ-00960 ;12.12.2025;7719.5 корпус - Лестница;1
ПКНФ-000030;14.01.2026;7719.5 корпус - Трубопровод, патрубки;Новороссийская ( внс и пнс);В работе;14.01.2026;ПКНФ-00960 ;12.12.2025;7719.5 корпус - Трубопровод, патрубки;1
ПКНФ-000031;23.01.2026;7719.5 корпус - Рама под установку Балка под крышку Транспортировочные петли Подставки под трубопровод Рамка под ШУ;Васюринская;В резерв после прихода;23.01.2026;ПКНФ-00960 ;12.12.2025;7719.5 корпус - Рама под установку Балка под крышку Транспортировочные петли Подставки под трубоп;1
ПКНФ-000048;19.01.2026;7614.2 - Трубопровод;Новороссийская ( внс и пнс);В работе;19.01.2026;ПКНФ-00956 ;10.12.2025;7614.2 - Трубопровод;1
ПКНФ-000049;22.01.2026;7614.2 - Направляющие под корзину  Площадка Лестница Балка транспортировочная Корзина ( лист в резерв);Новороссийская ( внс и пнс);В резерв после прихода;22.01.2026;ПКНФ-00956 ;10.12.2025;7614.2 - Направляющие под корзину  Площадка Лестница Балка транспортировочная Корзина;1
ПКНФ-000050;19.01.2026;7614.2 - Рама под УПМ, Балка под крышку, Направляющие насосов;Васюринская;В работе;19.01.2026;ПКНФ-00956 ;10.12.2025;7614.2 - Рама под УПМ, Балка под крышку;1
ПКНФ-000051;19.01.2026;7634 - Рама, стойка (обвязка);Васюринская;В резерв после прихода;19.01.2026;ПКНФ-00931 ;15.12.2025;7634 Рама, стойка (обвязка);1
ПКНФ-000052;22.01.2026;7634 - Трубопровод (обвязка);Новороссийская ( внс и пнс);В работе;22.01.2026;ПКНФ-00931 ;15.12.2025;7634 Трубопровод (обвязка);1
ПКНФ-000069;20.01.2026;7835.1 - ЕНП 2шт.;Васюринская;В работе;20.01.2026;ПКНФ-00942 ;04.12.2025;Емкость накопительная питьевая, произведенная из стеклопластика КСС-ЕНП-5, D=1200 мм, L=4500 мм;2
ПКНФ-000070;23.01.2026;6228.1 - КНС (Основное)+ склад резерв 240тыс;Васюринская;В резерв после прихода;23.01.2026;ПКНФ-00940 ;03.12.2025;Корпус из армированного стеклопластика для КСС-КНС-1600 -6370;1
ПКНФ-000071;20.01.2026;6228.2 - КНС (Основное);Васюринская;В работе;20.01.2026;ПКНФ-00940 ;03.12.2025;Корпус из армированного стеклопластика для КСС-КНС-3800-6340;1
ПКНФ-000072;21.01.2026;6176.4 - ЛОС (Основное);Васюринская;В работе;21.01.2026;ПКНФ-00980 ;26.12.2025;Модульная установка локальных очистных сооруженийКСС-ЛОС-2 камер 3 (ПО+МБО+СФ)  D=1200 мм, L=4000 мм;1
ПКНФ-000073;22.01.2026;6228.1 - Рама под УПМ Балка под крышку Стойки для взмучивателя, Конусное дно;Васюринская;В работе;22.01.2026;ПКНФ-00940 ;03.12.2025;6228.1 - Рама под УПМ Балка под крышку Стойки для взмучивателя, Конусное дно;1
ПКНФ-000074;23.01.2026;6228.1 - Трубопровод;Новороссийская ( внс и пнс);В резерв после прихода;23.01.2026;ПКНФ-00940 ;03.12.2025;6228.1 - Трубопровод;1
ПКНФ-000075;22.01.2026;6228.1 - Направляющие под корзину  Площадка Лестница Балка трансп. Корзина, Упор под шибер, Крыш;Новороссийская ( внс и пнс);В работе;22.01.2026;ПКНФ-00940 ;03.12.2025;6228.1 - Направляющие под корзину  Площадка Лестница Балка трансп. Корзина, Упор под шибер, Крыш;1
ПКНФ-000076;22.01.2026;8150.2ШУ ВНС+ расключение станции;Тихорецкая ( только для шу с 0;В резерв после прихода;22.01.2026;ПКНФ-000010;20.01.2026;8150.2 КСС-ШУПЧ2  3-3 -2.2кВт+СХ;1
ПКНФ-000077;22.01.2026;8150.1ШУ + расключение станции;Тихорецкая ( только для шу с 0;В резерв после прихода;22.01.2026;ПКНФ-000010;20.01.2026;8150.1 КСС-ШУПЧ2  3-3 -0,75кВт+СХ;1
ПКНФ-000082;23.01.2026;7024.1 - КНС (Основное)+ склад резерв(180тыс);Васюринская;В резерв после прихода;23.01.2026;ПКНФ-00841 ;14.10.2025;Канализационная насосная станция в корпусе КСС-КНС-1-3200-5400;1
ПКНФ-000090;20.01.2026;7614.1 - КНС (Основное)+ склад резерв (200тыс);Васюринская;В резерв после прихода;20.01.2026;ПКНФ-00956 ;10.12.2025;Канализационная насосная станция в корпусе из стеклопластика КСС-КНС-1-1400-3500, на базе насосов CN;1
ПКНФ-000091;21.01.2026;7024.2 - КНС (Основное)+ склад резерв (326 тыс);Васюринская;В резерв после прихода;21.01.2026;ПКНФ-00841 ;14.10.2025;Канализационная насосная станция в корпусе КСС-КНС-2000-3700;1
ПКНФ-000095;22.01.2026;7719.4У - ВНС установка;Новороссийская ( внс и пнс);В работе;22.01.2026;ПКНФ-00960 ;12.12.2025;Установка повышения давления КСС-МЧ-3 CDM1-8+СХ+ГА8;1
ПКНФ-000099;22.01.2026;8150.1У - ВНС (Основное);Новороссийская ( внс и пнс);В работе;22.01.2026;ПКНФ-000010;20.01.2026;Автоматическая насосная станция повышения давления КСС-МЧ-3 CDM5-5-СХ-ГА8 ;1
ПКНФ-000100;22.01.2026;8150.2У - ВНС (Основное);Новороссийская ( внс и пнс);В работе;22.01.2026;ПКНФ-000010;20.01.2026;Автоматическая насосная станция повышения давления КСС-МЧ-3 CDM10-6-СХ-ГА8 ;1
ПКНФ-000102;22.01.2026;7634.1У - ВНС установка + списаны импульсные трубки, американка с 5125 ;Новороссийская ( внс и пнс);В работе;22.01.2026;ПКНФ-00931 ;15.12.2025;7634.1У - Автоматическая насосная станция повышения давления КСС-МЧ-3 CDM15-6-СХ-ГА8 ;1
ПКНФ-000103;22.01.2026;7649.5 - Лестницы;Новороссийская ( внс и пнс);В работе;22.01.2026;ПКНФ-00950 ;08.12.2025;7649.5 - Лестницы;6
ПКНФ-000104;22.01.2026;7883 - Лестница;Новороссийская ( внс и пнс);В работе;22.01.2026;ПКНФ-00969 ;19.12.2025;7883 - Лестница;1
ПКНФ-000105;22.01.2026;579 - Рама под УПМ Балка под крышку Направляющ. насосов;Васюринская;В резерв после прихода;22.01.2026;ПКНФ-00952 ;08.12.2025;579 - Рама под УПМ Балка под крышку Направляющ. насосов;1
ПКНФ-000106;22.01.2026;7024.1 - Направляющие под корзину  Площадка Лестница Балка транспортировочная Корзина;Новороссийская ( внс и пнс);В работе;22.01.2026;ПКНФ-00841 ;14.10.2025;7024.1 - Направляющие под корзину  Площадка Лестница Балка транспортировочная Корзина;1
ПКНФ-000107;22.01.2026;7024.2 - Направляющие под корзину  Площадка Лестница Балка транспортировочная Корзина;Новороссийская ( внс и пнс);В резерв после прихода;22.01.2026;ПКНФ-00841 ;14.10.2025;7024.2 - Направляющие под корзину  Площадка Лестница Балка транспортировочная Корзина;1
ПКНФ-000108;22.01.2026;7649.2ШУ ПНС+расключение станции+расключение блок-контейнера;Тихорецкая ( только для шу с 0;В работе;22.01.2026;ПКНФ-00950 ;08.12.2025;7649.2 КСС-ШУПФС-С-2-3- 75К+2ЭЗ+АВР;1
ПКНФ-000111;22.01.2026;579 - Площадка Лестница Корзина и ее направляющие Транспортировочная балка;Новороссийская ( внс и пнс);В резерв после прихода;22.01.2026;ПКНФ-00952 ;08.12.2025;579 - Площадка Лестница Корзина и ее направляющие Транспортировочная балка;1
ПКНФ-000112;22.01.2026;579 - Трубопровод;Новороссийская ( внс и пнс);В резерв после прихода;22.01.2026;ПКНФ-00952 ;08.12.2025;579 - Трубопровод;1
ПКНФ-000116;19.01.2026;7030.2ШУ Изделие;Тихорецкая ( только для шу с 0;В работе;19.01.2026;ПКНФ-00918 ;20.11.2025;Шкаф управления двумя насосами, уличное исполнение, плавный пуск, двойной ввод питания с АВР, искроб;1
ПКНФ-000119;22.01.2026;7649.1У - Рама, стойка;Новороссийская ( внс и пнс);В работе;22.01.2026;ПКНФ-00950 ;08.12.2025;7649.1У - Рама, стойка;1
ПКНФ-000120;22.01.2026;7649.1У - Коллекторы, патрубки;Новороссийская ( внс и пнс);В работе;22.01.2026;ПКНФ-00950 ;08.12.2025;7649.1У - Коллекторы, патрубки;1
ПКНФ-000122;20.01.2026;7209.1.1 - ПНС в корпусе (Основное)+ склад резерв;Васюринская;В резерв после прихода;20.01.2026;ПКНФ-00880 ;31.10.2025;Насосная станция пожаротушения в корпусе из стеклопластика КСС-ПНС-3000-14700;1
ПКНФ-000123;23.01.2026;579 - КНС (Основное)+ склад резерв 240тыс;Васюринская;В резерв после прихода;23.01.2026;ПКНФ-00952 ;08.12.2025;Канализационная насосная станция КСС-КНС-2400-6500 в корпусе,;1
ПКНФ-000124;22.01.2026;8163У - ВНС (Основное);Новороссийская ( внс и пнс);В работе;22.01.2026;ПКНФ-000009;19.01.2026;Автоматическая насосная станция повышения давления КСС-МЧ-3 CDM5-9-СХ-ГА8 ;1
ПКНФ-000126;14.01.2026;7649.1ШУ ВНС + обвязка к корпусу+расключение;Тихорецкая ( только для шу с 0;В работе;14.01.2026;ПКНФ-00950 ;08.12.2025;7649.1 КСС-ШУПЧ2  3-3 -4,4кВт+СХ;1
ПКНФ-000127;22.01.2026;7209.1.2 - ПНС в корпусе (Основное)+ склад резерв ;Васюринская;В резерв после прихода;22.01.2026;ПКНФ-00880 ;31.10.2025;Насосная станция пожаротушения в корпусе из стеклопластика КСС-ПНС-3000-14700;1
ПКНФ-000128;22.01.2026;7211 - КНС (Основное)+ склад резерв;Васюринская;В резерв после прихода;22.01.2026;ПКНФ-00747 ;01.11.2025;Канализационная насосная станция в корпусе из стеклопластика КСС-КНС-3000-6900;1
ПКНФ-000129;22.01.2026;7399 - КНС (Основное) + 7920ШУ передеть наряд!;Васюринская;В резерв после прихода;22.01.2026;ПКНФ-00930 ;27.11.2025;КСС-КНС-1600-3600, на базе насосов CNP Q=10 м3/ч, H=26,3 м;1
ПКНФ-000130;22.01.2026;7586 - ПНС в корпусе (Основное)+ склад резерв ( 100тыс);Васюринская;В резерв после прихода;22.01.2026;ПКНФ-00948 ;05.12.2025;КСС-ПНС-3600-4800  на базе установки подачиводы для подачиводы для пожаротушения КСС-П-2EST80-200- 2;1
ПКНФ-000131;16.01.2026;7649.1У - ВНС (Основное);Новороссийская ( внс и пнс);В резерв после прихода;16.01.2026;ПКНФ-00950 ;08.12.2025;Установка повышения давления КСС-МЧ-3 CHLFT20-40-СХ-ГА8+GSM;1
ПКНФ-000132;22.01.2026;7719.4 - ВНС в корпусе(Основное) + склад резерв ( 243 тыс);Васюринская;В резерв после прихода;22.01.2026;ПКНФ-00960 ;12.12.2025;Насосная станция повышения давления в корпусе КСС-BНС-3000-5800;1
ПКНФ-000133;23.01.2026;7719.5 - ПНС в корпусе + склад резерв 240 тыс;Васюринская;В резерв после прихода;23.01.2026;ПКНФ-00960 ;12.12.2025;Насосная станция пожаротушения в корпусе КСС-ПНС-3600-5800;1
ПКНФ-000134;22.01.2026;7038.1 - КНС (Основное)+ склад резерв ( 313 тыс);Васюринская;В резерв после прихода;22.01.2026;ПКНФ-00832 ;13.10.2025;Канализационная насосная станция в корпусе КСС-КНС-3200-5200, на базе насосов CNP Q=457,2 м3/ч, H=8;1
ПКНФ-000135;22.01.2026;7038.2 - КНС (Основное)+ склад резерв(68тыс);Васюринская;В резерв после прихода;22.01.2026;ПКНФ-00832 ;13.10.2025;Канализационная насосная станция в корпусе КСС-КНС-2400-5700, на базе насосов CNP Q=89 м3/ч, H=15м;1
ПКНФ-000136;22.01.2026;7417 - ЛОС (Основное)+ списание доп;Васюринская;В резерв после прихода;22.01.2026;ПКНФ-00831 ;27.11.2025;Модульная установка КСС-ЛОС-120, состоящая из 3 камер, 120 л/с, D=3200 мм, L=12000 мм;1
ПКНФ-000138;22.01.2026;7841-ЕН  (Основное);Васюринская;В работе;22.01.2026;ПКНФ-00913 ;19.11.2025;Емкость накопительная, произведенная из стеклопластика  КСС-ЕН-30, D=2000 мм, L=10100 мм, объем 30 м;1
ПКНФ-000139;22.01.2026;7614.2 - КНС (Основное)+ склад резерв (228тыс);Васюринская;В резерв после прихода;22.01.2026;ПКНФ-00956 ;10.12.2025;Канализационная насосная станция в корпусе из стеклопластика КСС-КНС-2-2400-5900, на базе насосов CN;1
ПКНФ-000140;22.01.2026;3024 - МБО (Основное);Васюринская;В резерв после прихода;22.01.2026;ПКНФ-00959 ;11.12.2025;КСС-МБО-6, производительность 6 л/с, D=1600 мм, L=3900 мм;1
ПКНФ-000141;22.01.2026;7634 -ВНС в БК (Основное);Васюринская;В резерв после прихода;22.01.2026;ПКНФ-00931 ;15.12.2025;ВНС (водопроводная насосная станция), размещённый в блок-боксе с габаритами 4500*3000*2900 (Д*Ш*В,мм;1
ПКНФ-000142;22.01.2026;7719.4 - Лестница;Новороссийская ( внс и пнс);В резерв после прихода;22.01.2026;ПКНФ-00960 ;12.12.2025;7719.4 - Лестница;1
ПКНФ-000144;23.01.2026;8163ШУ ВНС + расключение станции;Тихорецкая ( только для шу с 0;В резерв после прихода;23.01.2026;ПКНФ-000009;19.01.2026;8163 КСС-ШУПЧ2  3-3 -1.5кВт+СХ;1
ПКНФ-000145;14.01.2026;7719.4ШУ ВНС;Тихорецкая ( только для шу с 0;В работе;14.01.2026;ПКНФ-00960 ;12.12.2025;7719.4 КСС-ШУПЧ2  3-3 -0,55кВт+СХ;1
ПКНФ-000146;14.01.2026;7550ШУ КНС;Тихорецкая ( только для шу с 0;В работе;14.01.2026;ПКНФ-00838 ;27.11.2025;7550 КСС ШУКПП- 2/3 -18,5кВт +АВР+GPRS+УХЛ1;1
ПКНФ-000147;23.01.2026;6854 - ГКНС (Основное) + склад резерв;Васюринская;В резерв после прихода;23.01.2026;ПКНФ-00905 ;14.11.2025;Канализационная насосная станция горизонтальная в корпусе КСС-ГКНС-3600-13200;1
ПКНФ-000148;22.01.2026;7024.1 - Трубопровод;Новороссийская ( внс и пнс);В резерв после прихода;22.01.2026;ПКНФ-00841 ;14.10.2025;7024.1 - Трубопровод;1
ПКНФ-000150;23.01.2026;7649.5 - ЛОС - Основное изделие;Васюринская;В резерв после прихода;23.01.2026;ПКНФ-00950 ;08.12.2025;Модульная установка локальных очистных сооружений  КСС-ЛОС-160, состоящая из 3 камер (ПО+МБО+СФ) 160;1
ПКНФ-000151;23.01.2026;7649.4.13 - ЕН - Основное изделие+ склад резерв 240 тыс;Васюринская;В работе;23.01.2026;ПКНФ-00950 ;08.12.2025;Емкость накопительная из армированного стеклопластика  КСС-ЕН-200, D=4000 мм, L=16000 мм, объем 200;1
ПКНФ-000152;23.01.2026;7649.4.14 - ЕН - Основное изделие+ склад резерв 240 тыс;Васюринская;В работе;23.01.2026;ПКНФ-00950 ;08.12.2025;Емкость накопительная из армированного стеклопластика  КСС-ЕН-200, D=4000 мм, L=16000 мм, объем 200;1
ПКНФ-000153;23.01.2026;7649.4.15 - ЕН - Основное изделие+склад резерв 240тыс;Васюринская;В работе;23.01.2026;ПКНФ-00950 ;08.12.2025;Емкость накопительная из армированного стеклопластика  КСС-ЕН-200, D=4000 мм, L=16000 мм, объем 200;1
ПКНФ-000154;23.01.2026;7649.4.16 - ЕН - Основное изделие+ склад резерв 240 тыс;Васюринская;В работе;23.01.2026;ПКНФ-00950 ;08.12.2025;Емкость накопительная из армированного стеклопластика  КСС-ЕН-200, D=4000 мм, L=16000 мм, объем 200;1
ПКНФ-000155;23.01.2026;7883 - ЕН (Основное);Васюринская;В резерв после прихода;23.01.2026;ПКНФ-00969 ;19.12.2025;Емкость накопительная, КСС-ЕН-90, D=3200 мм, L=11500 мм, объем 90 м3;1
ПКНФ-000156;23.01.2026;7024.1 - Рама под УПМ, Балка под крышку;Васюринская;В резерв после прихода;23.01.2026;ПКНФ-00841 ;14.10.2025;7024.1 - Рама под УПМ, Балка под крышку;1
ПКНФ-000157;23.01.2026;7024.2 - Рама под УПМ, Балка под крышку;Васюринская;В резерв после прихода;23.01.2026;ПКНФ-00841 ;14.10.2025;7024.2 - Рама под УПМ, Балка под крышку;1
ПКНФ-000158;23.01.2026;7416 - ЖУВ - Основное изделие;Васюринская;В резерв после прихода;23.01.2026;ПКНФ-00920 ;21.11.2025;Жироуловитель вертикальный КСС-ЖУВ-4 в корпусе из стеклопластика 4 л/с, D=1400 мм, H=2600 мм;1
ПКНФ-000159;22.01.2026;7038.1 - Рама под УПМ, Балка под крышку;Васюринская;В работе;22.01.2026;ПКНФ-00832 ;13.10.2025;7038.1 - Рама под УПМ, Балка под крышку;1
ПКНФ-000160;23.01.2026;7649.4.4 - ЕН - Основное изделие+ склад резерв (240тыс);Васюринская;В работе;23.01.2026;ПКНФ-00950 ;08.12.2025;Емкость накопительная из армированного стеклопластика  КСС-ЕН-200, D=4000 мм, L=16000 мм, объем 200;1
ПКНФ-000161;23.01.2026;7649.4.5 - ЕН - Основное изделие+ склад резерв (240тыс);Васюринская;В работе;23.01.2026;ПКНФ-00950 ;08.12.2025;Емкость накопительная из армированного стеклопластика  КСС-ЕН-200, D=4000 мм, L=16000 мм, объем 200;1
ПКНФ-000162;23.01.2026;7649.4.6 - ЕН - Основное изделие+ склад резерв (240тыс);Васюринская;В работе;23.01.2026;ПКНФ-00950 ;08.12.2025;Емкость накопительная из армированного стеклопластика  КСС-ЕН-200, D=4000 мм, L=16000 мм, объем 200;1
ПКНФ-000163;23.01.2026;7649.4.7 - ЕН - Основное изделие+ склад резерв ( 240тыс);Васюринская;В работе;23.01.2026;ПКНФ-00950 ;08.12.2025;Емкость накопительная из армированного стеклопластика  КСС-ЕН-200, D=4000 мм, L=16000 мм, объем 200;1
ПКНФ-000164;23.01.2026;7649.4.8 - ЕН - Основное изделие+ склад резерв 240тыс;Васюринская;В работе;23.01.2026;ПКНФ-00950 ;08.12.2025;Емкость накопительная из армированного стеклопластика  КСС-ЕН-200, D=4000 мм, L=16000 мм, объем 200;1
ПКНФ-000165;23.01.2026;7649.4.9 - ЕН - Основное изделие+ склад резерв 240 тыс;Васюринская;В работе;23.01.2026;ПКНФ-00950 ;08.12.2025;Емкость накопительная из армированного стеклопластика  КСС-ЕН-200, D=4000 мм, L=16000 мм, объем 200;1
ПКНФ-000166;23.01.2026;7649.4.10 - ЕН - Основное изделие+ склад резерв 240 тыс;Васюринская;В работе;23.01.2026;ПКНФ-00950 ;08.12.2025;Емкость накопительная из армированного стеклопластика  КСС-ЕН-200, D=4000 мм, L=16000 мм, объем 200;1
ПКНФ-000167;23.01.2026;7649.4.11 - ЕН - Основное изделие+ склад резерв 240 тыс;Васюринская;В работе;23.01.2026;ПКНФ-00950 ;08.12.2025;Емкость накопительная из армированного стеклопластика  КСС-ЕН-200, D=4000 мм, L=16000 мм, объем 200;1
ПКНФ-000168;23.01.2026;7649.4.12 - ЕН - Основное изделие+ скла резерв 240 тыс;Васюринская;В работе;23.01.2026;ПКНФ-00950 ;08.12.2025;Емкость накопительная из армированного стеклопластика  КСС-ЕН-200, D=4000 мм, L=16000 мм, объем 200;1
ПКНФ-000345;19.06.2025;6574.4 - Станция очистки хоз-быт сточных вод основное+ потеряшки;Васюринская;В работе;19.06.2025;ПКНФ-00594 ;21.05.2025;Станция очистки хозяйственно- бытовых сточных вод, 10м3/сут;1
ПКНФ-001134;11.11.2025;7209.1.1 - Установка подачи воды для пожаротушения;Новороссийская ( внс и пнс);В работе;11.11.2025;ПКНФ-00880 ;31.10.2025;7209.1.1 Установка подачи воды для пожаротушения;1
ПКНФ-001136;11.11.2025;7209.1.2 - Установка подачи воды для пожаротушения;Новороссийская ( внс и пнс);В работе;11.11.2025;ПКНФ-00880 ;31.10.2025;7209.1.2 Установка подачи воды для пожаротушения;1
ПКНФ-001235;02.12.2025;7030.1- КНС (Основное) ;Васюринская;В работе;02.12.2025;ПКНФ-00918 ;20.11.2025;Канализационная насосная станция в корпусе из стеклопластика  КСС-КНС-3000-7000 Q=150 м3/ч, H=25 м;1
ПКНФ-001247;05.12.2025;6854.1-Балка под крышку;Васюринская;В работе;05.12.2025;ПКНФ-00905 ;14.11.2025;6854.1-Балка под крышку;1
ПКНФ-001311;15.12.2025;579ШУ КНС + 2 ПЛАВНИКА С 5271 СИРИУС НЕСКУЧНЫЙ САД;Тихорецкая ( только для шу с 0;В работе;15.12.2025;ПКНФ-00952 ;08.12.2025;579 КСС ШУКПП- 2/3 -30кВт +Расходомер+УХЛ1;1
ПКНФ-001317;15.12.2025;7550 - КНС (Основное)+ склад резерв (159тыс);Васюринская;В резерв после прихода;15.12.2025;ПКНФ-00838 ;27.11.2025;Канализационная насосная станция в корпусе из  стеклопластика КСС-КНС-1-2400-3900;1
ПКНФ-001334;15.12.2025;7719.2 - ЕН - Основное изделие;Васюринская;В резерв после прихода;15.12.2025;ПКНФ-00960 ;12.12.2025;Емкость накопительная КСС-ЕН-45, D=2400 мм, L=10500 мм, объем 45 м3;1
ПКНФ-001345;15.12.2025;7719.6 - ЕНП (Основное);Васюринская;В работе;15.12.2025;ПКНФ-00960 ;12.12.2025;Емкость накопительная питьевая КСС-ЕНП-10, D=2000 мм, L=3400 мм, объем 10 м3;1
ПКНФ-001363;18.12.2025;7550- Рама под УПМ;Васюринская;В резерв после прихода;18.12.2025;ПКНФ-00838 ;27.11.2025;7550- Рама под УПМ;1
ПКНФ-001380;22.12.2025;7038.2 - Рама под УПМ Балка под крышку;Васюринская;В работе;22.12.2025;ПКНФ-00832 ;13.10.2025;7038.2 - Рама под УПМ Балка под крышку;1
ПКНФ-001429;23.12.2025;7719.4У- Рама под установку;Новороссийская ( внс и пнс);В работе;23.12.2025;ПКНФ-00960 ;12.12.2025;7719.4- Рама под установку;1
ПКНФ-001430;23.12.2025;7719.4У-Коллекторы,патрубки;Новороссийская ( внс и пнс);В работе;23.12.2025;ПКНФ-00960 ;12.12.2025;7719.4-Коллекторы,патрубки;1
ПКНФ-001436;25.12.2025;7649.6 - КОС (Основное);Васюринская;В работе;25.12.2025;ПКНФ-00950 ;08.12.2025;Канализационные очистные сооружения, усиленные ребрами Полипропилен/Металл BAZMAN КОС-ПП 10-УФ (м3/с;1
ПКНФ-001437;25.12.2025;7649.7 - КОС (Основное);Васюринская;В работе;25.12.2025;ПКНФ-00950 ;08.12.2025;Канализационные очистные сооружения, усиленные ребрами Полипропилен/Металл BAZMAN КОС-ПП 33-УФ (м3/с;1
ПКНФ-001439;25.12.2025;7649.3 - ЕНП (Основное);Васюринская;В работе;25.12.2025;ПКНФ-00950 ;08.12.2025;Емкость накопительная питьевая из стеклопластика КСС-ЕНП-120, D=3200 мм, L=15100 мм, объем 120 м3;1
ПКНФ-001440;25.12.2025;7649.1 - ВНС в корпусе (Основное);Васюринская;В работе;25.12.2025;ПКНФ-00950 ;08.12.2025;Насосная станция повышения давления в корпусе из стеклопластика КСС-BНС-2800-5300;1
ПКНФ-001441;25.12.2025;7649.2 - ПНС в корпусе (Основное);Васюринская;В работе;25.12.2025;ПКНФ-00950 ;08.12.2025;Насосная станция пожаротушения КСС-П-3 NIS200-150-400-75-ЖН CDM3-8-ГА80-АВР-2ЭЗ-РК в блок-боксе с га;1
ПКНФ-001442;25.12.2025;7649.2У - ПНС установка;Новороссийская ( внс и пнс);В работе;25.12.2025;ПКНФ-00950 ;08.12.2025;Автоматическая насосная станция пожаротушения КСС-П-3 NIS200-150-400-75-ЖН CDM3-8-ГА80-АВР-2ЭЗ-РК;1
ПКНФ-001446;25.12.2025;7719.4 -  Рама под установку Балка под крышку Транспортировочные петли;Васюринская;В работе;25.12.2025;ПКНФ-00960 ;12.12.2025;7719.4 -  Рама под установку Балка под крышку Транспортировочные петли;1
ПКНФ-001447;25.12.2025;7719.4 - Трубопровод, патрубки;Новороссийская ( внс и пнс);В работе;25.12.2025;ПКНФ-00960 ;12.12.2025;7719.4 - Трубопровод, патрубки;1
ПКНФ-001449;25.12.2025;7586 - Рама под установку Балка под крышку Транспортировочные петли Подставки под трубопровод Ра;Васюринская;В работе;25.12.2025;ПКНФ-00948 ;05.12.2025;7586 - Рама под установку Балка под крышку Транспортировочные петли Подставки под трубопровод Ра;1
ПКНФ-001451;29.12.2025;7634.2У - Рама, стойка;Новороссийская ( внс и пнс);В работе;29.12.2025;ПКНФ-00931 ;15.12.2025;7634.2У - Рама, стойка;1
ПКНФ-001455;29.12.2025;7883 - Трубопровод;Новороссийская ( внс и пнс);В работе;29.12.2025;ПКНФ-00969 ;19.12.2025;7883 - Трубопровод;1
ПКНФ-001456;29.12.2025;3024 - Лестницы;Новороссийская ( внс и пнс);В работе;29.12.2025;ПКНФ-00959 ;11.12.2025;3024 - Лестницы;1
ПКНФ-001460;29.12.2025;7634.1У - Трубопровод;Новороссийская ( внс и пнс);В работе;29.12.2025;ПКНФ-00931 ;15.12.2025;7634.1У - Трубопровод;1
ПКНФ-001461;29.12.2025;7634.1У - Рама, стойка;Новороссийская ( внс и пнс);В работе;29.12.2025;ПКНФ-00931 ;15.12.2025;7634.1У - Рама, стойка;1
ПКНФ-001463;29.12.2025;7024.2 - Трубопровод;Новороссийская ( внс и пнс);В работе;29.12.2025;ПКНФ-00841 ;14.10.2025;7024.2 - Трубопровод;1
ПКНФ-001468;29.12.2025;6176.1 - ГКНС (Основное);Васюринская;В работе;29.12.2025;ПКНФ-00980 ;26.12.2025;Канализационная насосная станция КСС-ГКНС-1-3600-15000, на базе насосов 200WQ270-10-11;1
ПКНФ-001469;29.12.2025;6176.2 - ГКНС (Основное) обратный клапан берем со склада;Васюринская;В работе;29.12.2025;ПКНФ-00980 ;26.12.2025;Канализационная насосная станция КСС-ГКНС-2-3600-13000, на базе насосов 50WQ10-7-0.55;1
ПКНФ-001470;29.12.2025;6176.3 - ПНС в корпусе (Основное);Васюринская;В работе;29.12.2025;ПКНФ-00980 ;26.12.2025;Насосная станция пожаротушения вкорпусе КСС-ПНС-4000-5000 CDM85-3-2-АВР-РК;1
ПКНФ-001471;29.12.2025;6176.3У - Установка подачи воды для пожаротушения;Новороссийская ( внс и пнс);В работе;29.12.2025;ПКНФ-00980 ;26.12.2025;6176.3У - Установка подачи воды для пожаротушения;1
ПКНФ-001472;30.12.2025;5588 - станция очистки (компл);Васюринская;В работе;30.12.2025;ПКНФ-00975 ;24.12.2025;Станция очистки бытовых сточных вод серии ""ТРИУМФ - 20 лонг"", КНС, УФ с/т;1
